Sample_ID,Temperature_C,Applied_Voltage,Droplet_Volume_pL,DVR,Impact_Velocity_m_s,Spread_Radius,VO2_State,Resistance_Ohm
SAMP-0000,24.07,0.47,4.332,3.61,4.61,1650.572,INSULATOR,361000.0
SAMP-0001,77.57,2.73,3.337,2.7808,4.8,1390.0744,CONDUCTIVE_METAL,3.6
SAMP-0002,43.16,3.68,0.706,0.5883,3.16,264.2491,INSULATOR,58833.33
SAMP-0003,39.56,9.5,0.879,0.7325,4.09,404.2973,CONDUCTIVE_METAL,13.65
SAMP-0004,89.39,3.33,0.592,0.4933,3.28,240.5743,CONDUCTIVE_METAL,20.27
SAMP-0005,80.53,5.84,1.958,1.6317,2.95,552.6398,CONDUCTIVE_METAL,6.13
SAMP-0006,42.92,7.4,2.636,2.1967,1.74,415.5972,CONDUCTIVE_METAL,4.55
SAMP-0007,75.36,2.69,0.844,0.7033,2.13,204.0559,CONDUCTIVE_METAL,14.22
SAMP-0008,54.5,2.07,3.517,2.9308,3.14,949.1324,INSULATOR,293083.33
SAMP-0009,45.64,9.82,4.965,4.1375,4.0,1598.9375,CONDUCTIVE_METAL,2.42
SAMP-0010,78.82,7.35,4.736,3.9467,2.45,942.7652,CONDUCTIVE_METAL,2.53
SAMP-0011,20.74,6.72,1.87,1.5583,3.54,638.785,CONDUCTIVE_METAL,6.42
SAMP-0012,39.58,9.81,3.243,2.7025,3.74,1058.1414,CONDUCTIVE_METAL,3.7
SAMP-0013,39.16,1.28,1.663,1.3858,1.5,246.0635,INSULATOR,138583.33
SAMP-0014,56.36,0.38,1.334,1.1117,4.49,616.6078,INSULATOR,111166.67
SAMP-0015,61.5,3.59,4.926,4.105,1.12,444.8673,INSULATOR,410500.0
SAMP-0016,92.63,2.19,3.086,2.5717,3.77,1024.2785,CONDUCTIVE_METAL,3.89
SAMP-0017,77.5,9.23,4.582,3.8183,2.73,1022.8373,CONDUCTIVE_METAL,2.62
SAMP-0018,27.55,5.1,1.965,1.6375,1.35,253.6397,CONDUCTIVE_METAL,6.11
SAMP-0019,52.42,3.36,0.834,0.695,4.63,439.5116,INSULATOR,69500.0
SAMP-0020,74.52,2.52,2.711,2.2592,4.14,1011.7839,CONDUCTIVE_METAL,4.43
SAMP-0021,86.7,9.01,2.429,2.0242,3.86,862.3104,CONDUCTIVE_METAL,4.94
SAMP-0022,72.69,2.91,0.538,0.4483,1.56,106.6941,CONDUCTIVE_METAL,22.3
SAMP-0023,99.0,4.95,3.704,3.0867,4.34,1368.3779,CONDUCTIVE_METAL,3.24
SAMP-0024,64.77,9.45,4.86,4.05,4.92,1933.1085,CONDUCTIVE_METAL,2.47
SAMP-0025,36.7,7.49,3.103,2.5858,4.05,1105.3004,CONDUCTIVE_METAL,3.87
SAMP-0026,79.99,0.18,0.541,0.4508,4.85,333.0514,CONDUCTIVE_METAL,22.18
SAMP-0027,89.54,1.86,2.871,2.3925,4.63,1185.8511,CONDUCTIVE_METAL,4.18
SAMP-0028,95.4,8.08,1.408,1.1733,1.86,266.7439,CONDUCTIVE_METAL,8.52
SAMP-0029,47.12,8.71,2.055,1.7125,1.7,331.2801,CONDUCTIVE_METAL,5.84
SAMP-0030,82.73,2.39,3.711,3.0925,4.65,1468.3733,CONDUCTIVE_METAL,3.23
SAMP-0031,39.67,0.55,4.973,4.1442,3.88,1552.9818,INSULATOR,414416.67
SAMP-0032,63.58,9.1,3.272,2.7267,1.45,413.2332,CONDUCTIVE_METAL,3.67
SAMP-0033,24.06,2.59,3.584,2.9867,4.83,1482.587,INSULATOR,298666.67
SAMP-0034,76.26,0.47,1.047,0.8725,2.06,233.3858,CONDUCTIVE_METAL,11.46
SAMP-0035,52.4,1.91,2.337,1.9475,4.7,1017.3339,INSULATOR,194750.0
SAMP-0036,72.75,3.82,2.978,2.4817,2.14,564.7433,CONDUCTIVE_METAL,4.03
SAMP-0037,84.9,8.35,4.048,3.3733,3.17,1074.2863,CONDUCTIVE_METAL,2.96
SAMP-0038,70.96,2.28,3.234,2.695,2.47,697.2428,CONDUCTIVE_METAL,3.71
SAMP-0039,57.95,0.07,2.859,2.3825,3.54,903.5775,INSULATOR,238250.0
SAMP-0040,46.19,3.16,2.203,1.8358,2.15,443.4514,INSULATOR,183583.33
SAMP-0041,90.72,9.1,2.512,2.0933,4.96,1138.9145,CONDUCTIVE_METAL,4.78
SAMP-0042,94.23,9.49,3.159,2.6325,2.88,797.5556,CONDUCTIVE_METAL,3.8
SAMP-0043,56.42,0.55,3.353,2.7942,4.62,1343.1766,INSULATOR,279416.67
SAMP-0044,56.23,3.03,3.247,2.7058,1.52,430.4796,INSULATOR,270583.33
SAMP-0045,54.36,3.26,0.798,0.665,4.85,445.085,INSULATOR,66500.0
SAMP-0046,81.22,1.49,1.815,1.5125,4.08,718.5581,CONDUCTIVE_METAL,6.61
SAMP-0047,70.07,8.27,3.41,2.8417,1.22,359.6009,CONDUCTIVE_METAL,3.52
SAMP-0048,51.83,7.97,3.644,3.0367,3.54,1101.4052,CONDUCTIVE_METAL,3.29
SAMP-0049,63.9,8.74,4.524,3.77,3.06,1134.733,CONDUCTIVE_METAL,2.65
SAMP-0050,37.31,7.48,4.659,3.8825,3.72,1412.6462,CONDUCTIVE_METAL,2.58
SAMP-0051,97.23,6.81,3.772,3.1433,3.36,1075.1841,CONDUCTIVE_METAL,3.18
SAMP-0052,59.97,1.18,2.757,2.2975,3.41,844.923,INSULATOR,229750.0
SAMP-0053,49.34,0.12,3.044,2.5367,1.29,346.5813,INSULATOR,253666.67
SAMP-0054,61.88,6.27,0.593,0.4942,3.56,261.4357,CONDUCTIVE_METAL,20.24
SAMP-0055,80.83,9.04,1.844,1.5367,3.83,683.2837,CONDUCTIVE_METAL,6.51
SAMP-0056,94.47,7.91,3.536,2.9467,3.29,998.8479,CONDUCTIVE_METAL,3.39
SAMP-0057,51.17,0.53,2.748,2.29,3.53,872.3209,INSULATOR,229000.0
SAMP-0058,53.56,7.12,2.014,1.6783,3.35,642.1711,CONDUCTIVE_METAL,5.96
SAMP-0059,61.26,7.98,4.871,4.0592,2.95,1161.1937,CONDUCTIVE_METAL,2.46
SAMP-0060,26.56,8.35,3.602,3.0017,3.19,983.1855,CONDUCTIVE_METAL,3.33
SAMP-0061,84.47,4.42,3.142,2.6183,4.14,1141.4459,CONDUCTIVE_METAL,3.82
SAMP-0062,79.13,4.16,2.481,2.0675,1.37,311.4008,CONDUCTIVE_METAL,4.84
SAMP-0063,26.72,8.81,4.803,4.0025,2.69,1046.916,CONDUCTIVE_METAL,2.5
SAMP-0064,69.41,1.45,3.895,3.2458,3.35,1100.3152,CONDUCTIVE_METAL,3.08
SAMP-0065,48.23,3.22,2.239,1.8658,1.67,349.0405,INSULATOR,186583.33
SAMP-0066,78.9,9.44,3.358,2.7983,1.99,579.258,CONDUCTIVE_METAL,3.57
SAMP-0067,63.18,9.14,2.459,2.0492,3.24,731.1066,CONDUCTIVE_METAL,4.88
SAMP-0068,69.62,6.95,4.021,3.3508,1.48,498.8425,CONDUCTIVE_METAL,2.98
SAMP-0069,24.61,6.89,2.008,1.6733,1.49,284.9282,CONDUCTIVE_METAL,5.98
SAMP-0070,81.86,3.21,4.789,3.9908,2.93,1137.6394,CONDUCTIVE_METAL,2.51
SAMP-0071,83.64,6.96,3.221,2.6842,1.96,551.4617,CONDUCTIVE_METAL,3.73
SAMP-0072,67.02,1.51,1.283,1.0692,2.02,268.8852,INSULATOR,106916.67
SAMP-0073,43.8,7.86,1.221,1.0175,3.13,400.4967,CONDUCTIVE_METAL,9.83
SAMP-0074,38.12,3.39,1.564,1.3033,1.96,305.9367,INSULATOR,130333.33
SAMP-0075,46.04,6.59,1.434,1.195,3.6,523.9332,CONDUCTIVE_METAL,8.37
SAMP-0076,87.08,8.89,1.217,1.0142,4.41,562.8056,CONDUCTIVE_METAL,9.86
SAMP-0077,98.32,8.16,1.081,0.9008,3.16,367.1331,CONDUCTIVE_METAL,11.1
SAMP-0078,94.74,1.05,4.385,3.6542,4.17,1507.8044,CONDUCTIVE_METAL,2.74
SAMP-0079,64.99,1.0,3.955,3.2958,4.01,1333.5521,INSULATOR,329583.33
SAMP-0080,57.92,8.43,3.838,3.1983,3.59,1165.1003,CONDUCTIVE_METAL,3.13
SAMP-0081,48.09,7.65,4.299,3.5825,3.6,1280.9924,CONDUCTIVE_METAL,2.79
SAMP-0082,37.18,8.36,3.275,2.7292,2.78,792.8605,CONDUCTIVE_METAL,3.66
SAMP-0083,59.83,1.31,2.96,2.4667,2.43,638.1048,INSULATOR,246666.67
SAMP-0084,80.35,6.49,0.952,0.7933,4.45,467.9804,CONDUCTIVE_METAL,12.61
SAMP-0085,28.46,5.54,2.987,2.4892,3.61,955.0264,CONDUCTIVE_METAL,4.02
SAMP-0086,35.95,7.57,0.999,0.8325,5.0,545.9906,CONDUCTIVE_METAL,12.01
SAMP-0087,50.48,5.1,3.678,3.065,3.51,1100.3578,CONDUCTIVE_METAL,3.26
SAMP-0088,62.58,4.16,1.947,1.6225,2.9,540.7841,INSULATOR,162250.0
SAMP-0089,29.34,2.28,0.595,0.4958,1.31,96.4412,INSULATOR,49583.33
SAMP-0090,46.51,5.67,3.669,3.0575,3.05,954.2467,CONDUCTIVE_METAL,3.27
SAMP-0091,72.08,6.26,3.818,3.1817,4.82,1557.6549,CONDUCTIVE_METAL,3.14
SAMP-0092,76.15,3.38,1.576,1.3133,4.4,691.0545,CONDUCTIVE_METAL,7.61
SAMP-0093,77.56,1.87,3.935,3.2792,2.33,771.6728,CONDUCTIVE_METAL,3.05
SAMP-0094,61.61,4.7,2.518,2.0983,3.12,717.8131,INSULATOR,209833.33
SAMP-0095,90.43,2.02,4.863,4.0525,4.99,1961.5877,CONDUCTIVE_METAL,2.47
SAMP-0096,25.75,8.21,1.15,0.9583,1.97,240.3526,CONDUCTIVE_METAL,10.43
SAMP-0097,53.85,6.59,4.036,3.3633,2.06,696.4365,CONDUCTIVE_METAL,2.97
SAMP-0098,46.57,0.37,3.422,2.8517,1.55,458.1804,INSULATOR,285166.67
SAMP-0099,86.35,8.75,2.165,1.8042,4.2,854.0515,CONDUCTIVE_METAL,5.54
SAMP-0100,45.38,5.77,0.665,0.5542,3.1,247.8514,CONDUCTIVE_METAL,18.05
SAMP-0101,57.33,6.45,2.453,2.0442,2.48,558.4956,CONDUCTIVE_METAL,4.89
SAMP-0102,96.5,1.77,3.578,2.9817,1.3,398.4958,CONDUCTIVE_METAL,3.35
SAMP-0103,64.13,2.12,4.684,3.9033,1.33,507.2462,INSULATOR,390333.33
SAMP-0104,77.7,2.07,2.626,2.1883,3.32,790.5174,CONDUCTIVE_METAL,4.57
SAMP-0105,27.33,2.58,2.84,2.3667,1.84,467.103,INSULATOR,236666.67
SAMP-0106,36.38,0.69,2.376,1.98,2.45,537.5368,INSULATOR,198000.0
SAMP-0107,36.43,4.1,1.285,1.0708,3.14,418.4907,INSULATOR,107083.33
SAMP-0108,22.23,0.72,1.308,1.09,1.14,154.1071,INSULATOR,109000.0
SAMP-0109,43.77,9.24,0.626,0.5217,4.05,309.5597,CONDUCTIVE_METAL,19.17
SAMP-0110,29.32,9.73,3.413,2.8442,4.2,1238.8583,CONDUCTIVE_METAL,3.52
SAMP-0111,72.71,8.16,4.67,3.8917,2.52,958.7779,CONDUCTIVE_METAL,2.57
SAMP-0112,60.11,9.8,1.453,1.2108,3.24,476.5634,CONDUCTIVE_METAL,8.26
SAMP-0113,84.23,1.22,0.928,0.7733,1.72,177.3233,CONDUCTIVE_METAL,12.93
SAMP-0114,73.5,7.43,4.27,3.5583,4.8,1698.6508,CONDUCTIVE_METAL,2.81
SAMP-0115,86.04,9.94,1.549,1.2908,1.6,247.8064,CONDUCTIVE_METAL,7.75
SAMP-0116,88.57,1.32,3.803,3.1692,2.09,673.2564,CONDUCTIVE_METAL,3.16
SAMP-0117,85.49,3.98,1.803,1.5025,1.84,322.3121,CONDUCTIVE_METAL,6.66
SAMP-0118,74.14,9.54,4.118,3.4317,3.23,1109.953,CONDUCTIVE_METAL,2.91
SAMP-0119,56.99,5.28,3.791,3.1592,3.71,1192.0433,CONDUCTIVE_METAL,3.17
SAMP-0120,70.67,5.62,1.451,1.2092,1.02,149.8629,CONDUCTIVE_METAL,8.27
SAMP-0121,66.08,3.52,4.446,3.705,4.02,1469.9074,INSULATOR,370500.0
SAMP-0122,84.02,3.28,3.936,3.28,3.46,1146.1541,CONDUCTIVE_METAL,3.05
SAMP-0123,42.33,8.87,3.799,3.1658,3.21,1033.1601,CONDUCTIVE_METAL,3.16
SAMP-0124,91.65,1.4,1.123,0.9358,2.28,272.9899,CONDUCTIVE_METAL,10.69
SAMP-0125,76.39,9.68,2.688,2.24,3.94,956.2197,CONDUCTIVE_METAL,4.46
SAMP-0126,39.11,1.39,1.457,1.2142,1.42,209.3272,INSULATOR,121416.67
SAMP-0127,40.71,5.78,1.821,1.5175,3.78,667.5124,CONDUCTIVE_METAL,6.59
SAMP-0128,68.87,9.28,3.673,3.0608,2.09,654.4738,CONDUCTIVE_METAL,3.27
SAMP-0129,42.19,5.15,4.007,3.3392,3.72,1250.3022,CONDUCTIVE_METAL,2.99
SAMP-0130,67.84,8.9,3.136,2.6133,4.63,1274.5537,CONDUCTIVE_METAL,3.83
SAMP-0131,26.03,2.87,4.854,4.045,1.91,749.7077,INSULATOR,404500.0
SAMP-0132,67.34,4.64,3.236,2.6967,2.48,700.4189,INSULATOR,269666.67
SAMP-0133,56.22,8.36,2.529,2.1075,4.01,925.8687,CONDUCTIVE_METAL,4.74
SAMP-0134,76.58,9.18,4.308,3.59,2.85,1015.8382,CONDUCTIVE_METAL,2.79
SAMP-0135,50.62,9.8,2.383,1.9858,4.96,1090.8584,CONDUCTIVE_METAL,5.04
SAMP-0136,55.96,5.85,2.913,2.4275,3.14,813.8312,CONDUCTIVE_METAL,4.12
SAMP-0137,83.75,3.03,2.239,1.8658,3.86,806.7642,CONDUCTIVE_METAL,5.36
SAMP-0138,45.28,7.9,4.525,3.7708,2.25,834.5116,CONDUCTIVE_METAL,2.65
SAMP-0139,80.65,8.09,4.384,3.6533,3.36,1214.6973,CONDUCTIVE_METAL,2.74
SAMP-0140,98.26,5.31,4.218,3.515,3.96,1387.5419,CONDUCTIVE_METAL,2.84
SAMP-0141,40.33,7.24,0.759,0.6325,2.05,181.0785,CONDUCTIVE_METAL,15.81
SAMP-0142,66.43,7.35,4.386,3.655,1.37,495.4612,CONDUCTIVE_METAL,2.74
SAMP-0143,73.7,9.24,4.475,3.7292,2.69,988.7811,CONDUCTIVE_METAL,2.68
SAMP-0144,77.05,3.22,4.84,4.0333,1.67,653.9789,CONDUCTIVE_METAL,2.48
SAMP-0145,32.47,0.6,3.072,2.56,4.62,1250.5635,INSULATOR,256000.0
SAMP-0146,38.96,1.9,4.965,4.1375,3.12,1247.1712,INSULATOR,413750.0
SAMP-0147,86.04,8.02,4.034,3.3617,3.16,1067.8904,CONDUCTIVE_METAL,2.97
SAMP-0148,26.3,8.59,4.769,3.9742,2.12,820.3641,CONDUCTIVE_METAL,2.52
SAMP-0149,34.67,6.37,2.488,2.0733,1.68,382.7446,CONDUCTIVE_METAL,4.82
SAMP-0150,26.83,8.3,3.614,3.0117,3.95,1220.7255,CONDUCTIVE_METAL,3.32
SAMP-0151,52.44,7.37,3.693,3.0775,4.81,1512.9004,CONDUCTIVE_METAL,3.25
SAMP-0152,48.49,2.8,1.27,1.0583,1.93,254.8234,INSULATOR,105833.33
SAMP-0153,60.56,6.1,4.57,3.8083,1.1,411.2598,CONDUCTIVE_METAL,2.63
SAMP-0154,72.3,5.78,3.36,2.8,4.77,1389.1471,CONDUCTIVE_METAL,3.57
SAMP-0155,37.49,8.72,0.968,0.8067,2.32,247.1729,CONDUCTIVE_METAL,12.4
SAMP-0156,71.7,5.06,4.957,4.1308,2.24,894.2427,CONDUCTIVE_METAL,2.42
SAMP-0157,41.49,5.73,4.337,3.6142,4.14,1483.6776,CONDUCTIVE_METAL,2.77
SAMP-0158,55.37,0.23,0.843,0.7025,2.11,201.9556,INSULATOR,70250.0
SAMP-0159,55.95,6.39,4.866,4.055,4.25,1671.5217,CONDUCTIVE_METAL,2.47
SAMP-0160,45.62,9.38,4.163,3.4692,1.85,641.3598,CONDUCTIVE_METAL,2.88
SAMP-0161,60.98,1.93,1.705,1.4208,4.27,714.7758,INSULATOR,142083.33
SAMP-0162,86.23,0.47,4.245,3.5375,3.54,1246.8089,CONDUCTIVE_METAL,2.83
SAMP-0163,46.05,0.3,1.183,0.9858,3.32,414.2582,INSULATOR,98583.33
SAMP-0164,87.18,2.85,2.046,1.705,3.22,625.2402,CONDUCTIVE_METAL,5.87
SAMP-0165,60.73,1.42,2.061,1.7175,1.28,250.0286,INSULATOR,171750.0
SAMP-0166,84.72,9.54,3.429,2.8575,3.65,1080.7398,CONDUCTIVE_METAL,3.5
SAMP-0167,51.47,1.16,1.856,1.5467,4.39,787.3347,INSULATOR,154666.67
SAMP-0168,79.29,9.91,4.325,3.6042,2.99,1069.1436,CONDUCTIVE_METAL,2.77
SAMP-0169,82.84,2.49,4.883,4.0692,1.44,567.9453,CONDUCTIVE_METAL,2.46
SAMP-0170,59.13,5.39,4.65,3.875,2.65,1004.7504,CONDUCTIVE_METAL,2.58
SAMP-0171,28.34,6.83,3.195,2.6625,2.92,816.1482,CONDUCTIVE_METAL,3.76
SAMP-0172,20.11,1.59,0.981,0.8175,1.1,118.4216,INSULATOR,81750.0
SAMP-0173,90.07,4.43,1.477,1.2308,2.61,388.9995,CONDUCTIVE_METAL,8.12
SAMP-0174,61.11,9.58,1.399,1.1658,4.43,632.0431,CONDUCTIVE_METAL,8.58
SAMP-0175,34.36,4.71,1.324,1.1033,3.92,535.0951,INSULATOR,110333.33
SAMP-0176,32.76,0.75,2.203,1.8358,2.54,523.8914,INSULATOR,183583.33
SAMP-0177,61.55,6.83,4.229,3.5242,3.13,1099.0362,CONDUCTIVE_METAL,2.84
SAMP-0178,34.44,9.41,2.888,2.4067,2.81,723.1882,CONDUCTIVE_METAL,4.16
SAMP-0179,82.12,5.81,0.822,0.685,2.01,188.6917,CONDUCTIVE_METAL,14.6
SAMP-0180,35.74,5.11,4.368,3.64,4.61,1661.6685,CONDUCTIVE_METAL,2.75
SAMP-0181,78.77,4.61,1.705,1.4208,1.28,214.2654,CONDUCTIVE_METAL,7.04
SAMP-0182,24.62,5.37,3.432,2.86,3.63,1075.5845,CONDUCTIVE_METAL,3.5
SAMP-0183,22.29,8.78,4.026,3.355,1.46,492.598,CONDUCTIVE_METAL,2.98
SAMP-0184,44.19,0.11,4.194,3.495,3.44,1199.7774,INSULATOR,349500.0
SAMP-0185,91.96,7.01,4.872,4.06,2.85,1122.0168,CONDUCTIVE_METAL,2.46
SAMP-0186,88.0,4.38,4.562,3.8017,1.94,724.2864,CONDUCTIVE_METAL,2.63
SAMP-0187,43.43,8.62,0.765,0.6375,1.91,169.7253,CONDUCTIVE_METAL,15.69
SAMP-0188,51.03,8.69,4.524,3.77,1.12,415.3271,CONDUCTIVE_METAL,2.65
SAMP-0189,85.91,3.83,3.823,3.1858,2.85,922.0005,CONDUCTIVE_METAL,3.14
SAMP-0190,52.34,7.98,3.711,3.0925,1.1,347.3571,CONDUCTIVE_METAL,3.23
SAMP-0191,33.51,1.89,2.049,1.7075,1.55,301.3297,INSULATOR,170750.0
SAMP-0192,41.33,5.25,4.135,3.4458,3.4,1172.2821,CONDUCTIVE_METAL,2.9
SAMP-0193,26.25,0.89,1.176,0.98,4.24,526.5647,INSULATOR,98000.0
SAMP-0194,81.09,2.92,3.132,2.61,3.47,954.2321,CONDUCTIVE_METAL,3.83
SAMP-0195,55.41,4.86,3.364,2.8033,4.07,1186.4397,INSULATOR,280333.33
SAMP-0196,51.2,3.15,2.054,1.7117,1.04,202.585,INSULATOR,171166.67
SAMP-0197,66.59,2.29,1.434,1.195,4.33,630.1752,INSULATOR,119500.0
SAMP-0198,41.54,2.74,1.292,1.0767,3.35,448.4221,INSULATOR,107666.67
SAMP-0199,97.1,6.93,4.594,3.8283,3.85,1445.5146,CONDUCTIVE_METAL,2.61
SAMP-0200,39.61,1.59,4.112,3.4267,4.72,1620.0574,INSULATOR,342666.67
SAMP-0201,32.27,1.16,4.024,3.3533,1.69,569.9691,INSULATOR,335333.33
SAMP-0202,61.06,0.66,1.456,1.2133,1.81,266.671,INSULATOR,121333.33
SAMP-0203,50.12,1.08,2.672,2.2267,3.08,743.8611,INSULATOR,222666.67
SAMP-0204,38.84,6.36,2.217,1.8475,4.54,941.2633,CONDUCTIVE_METAL,5.41
SAMP-0205,58.32,7.91,4.651,3.8758,2.84,1076.9761,CONDUCTIVE_METAL,2.58
SAMP-0206,76.63,0.25,2.096,1.7467,3.77,746.6035,CONDUCTIVE_METAL,5.73
SAMP-0207,50.38,6.1,1.527,1.2725,2.85,436.3339,CONDUCTIVE_METAL,7.86
SAMP-0208,63.65,9.64,4.966,4.1383,4.56,1823.0844,CONDUCTIVE_METAL,2.42
SAMP-0209,43.64,1.62,4.153,3.4608,3.43,1186.799,INSULATOR,346083.33
SAMP-0210,25.62,4.57,2.856,2.38,1.98,504.9573,INSULATOR,238000.0
SAMP-0211,81.38,3.16,3.701,3.0842,4.39,1383.2304,CONDUCTIVE_METAL,3.24
SAMP-0212,37.27,9.42,4.243,3.5358,2.43,855.5336,CONDUCTIVE_METAL,2.83
SAMP-0213,20.71,8.77,3.976,3.3133,4.19,1399.4178,CONDUCTIVE_METAL,3.02
SAMP-0214,48.53,2.05,3.21,2.675,3.51,984.813,INSULATOR,267500.0
SAMP-0215,20.71,4.41,1.159,0.9658,3.45,423.532,INSULATOR,96583.33
SAMP-0216,78.84,9.63,4.664,3.8867,4.69,1782.5408,CONDUCTIVE_METAL,2.57
SAMP-0217,91.81,0.12,4.68,3.9,2.44,929.9453,CONDUCTIVE_METAL,2.56
SAMP-0218,32.21,9.29,3.692,3.0767,3.17,996.8477,CONDUCTIVE_METAL,3.25
SAMP-0219,59.7,2.31,2.984,2.4867,1.12,296.0531,INSULATOR,248666.67
SAMP-0220,32.44,4.47,3.857,3.2142,4.75,1547.7676,INSULATOR,321416.67
SAMP-0221,76.15,6.78,2.449,2.0408,4.19,942.3289,CONDUCTIVE_METAL,4.9
SAMP-0222,34.68,9.43,0.846,0.705,3.06,293.6851,CONDUCTIVE_METAL,14.18
SAMP-0223,58.74,4.76,2.573,2.1442,3.52,824.2787,INSULATOR,214416.67
SAMP-0224,85.28,8.94,2.53,2.1083,2.05,473.4775,CONDUCTIVE_METAL,4.74
SAMP-0225,46.12,5.3,3.337,2.7808,3.48,1007.8039,CONDUCTIVE_METAL,3.6
SAMP-0226,89.0,9.25,2.953,2.4608,1.99,521.5531,CONDUCTIVE_METAL,4.06
SAMP-0227,57.44,4.31,4.02,3.35,3.77,1270.4435,INSULATOR,335000.0
SAMP-0228,85.62,6.79,1.04,0.8667,1.81,203.9838,CONDUCTIVE_METAL,11.54
SAMP-0229,36.72,2.77,4.918,4.0983,3.48,1380.4572,INSULATOR,409833.33
SAMP-0230,36.42,3.38,4.96,4.1333,4.9,1957.1095,INSULATOR,413333.33
SAMP-0231,47.21,5.23,4.361,3.6342,4.33,1558.7178,CONDUCTIVE_METAL,2.75
SAMP-0232,62.42,6.9,2.093,1.7442,1.19,235.3899,CONDUCTIVE_METAL,5.73
SAMP-0233,56.83,3.03,2.032,1.6933,2.9,559.9589,INSULATOR,169333.33
SAMP-0234,74.29,9.62,1.248,1.04,4.16,541.6495,CONDUCTIVE_METAL,9.62
SAMP-0235,61.18,1.39,2.447,2.0392,3.7,831.5724,INSULATOR,203916.67
SAMP-0236,89.29,4.14,4.866,4.055,2.54,998.98,CONDUCTIVE_METAL,2.47
SAMP-0237,46.88,3.09,2.216,1.8467,1.12,232.1204,INSULATOR,184666.67
SAMP-0238,57.82,6.36,1.345,1.1208,1.02,141.0007,CONDUCTIVE_METAL,8.92
SAMP-0239,87.25,0.53,3.563,2.9692,3.34,1020.3306,CONDUCTIVE_METAL,3.37
SAMP-0240,88.36,2.67,2.153,1.7942,4.86,983.7835,CONDUCTIVE_METAL,5.57
SAMP-0241,37.24,0.95,1.202,1.0017,2.63,332.3452,INSULATOR,100166.67
SAMP-0242,22.58,5.33,3.69,3.075,4.34,1364.1677,CONDUCTIVE_METAL,3.25
SAMP-0243,66.04,8.18,0.839,0.6992,3.32,316.6086,CONDUCTIVE_METAL,14.3
SAMP-0244,75.5,4.3,4.115,3.4292,4.16,1428.6922,CONDUCTIVE_METAL,2.92
SAMP-0245,88.26,8.5,1.274,1.0617,2.93,387.8292,CONDUCTIVE_METAL,9.42
SAMP-0246,82.01,8.67,4.882,4.0683,2.01,792.6261,CONDUCTIVE_METAL,2.46
SAMP-0247,61.33,0.42,1.291,1.0758,3.54,473.5618,INSULATOR,107583.33
SAMP-0248,22.68,4.31,3.018,2.515,2.94,784.3669,INSULATOR,251500.0
SAMP-0249,26.33,7.44,4.697,3.9142,4.15,1586.306,CONDUCTIVE_METAL,2.55
SAMP-0250,84.45,1.09,4.332,3.61,3.88,1389.2016,CONDUCTIVE_METAL,2.77
SAMP-0251,30.24,6.28,1.546,1.2883,1.64,253.604,CONDUCTIVE_METAL,7.76
SAMP-0252,81.46,8.1,2.826,2.355,1.72,434.8793,CONDUCTIVE_METAL,4.25
SAMP-0253,49.44,2.3,2.505,2.0875,4.84,1108.8267,INSULATOR,208750.0
SAMP-0254,59.3,7.43,1.928,1.6067,1.41,260.8402,CONDUCTIVE_METAL,6.22
SAMP-0255,23.92,5.42,3.301,2.7508,1.09,312.8819,CONDUCTIVE_METAL,3.64
SAMP-0256,53.24,4.78,0.653,0.5442,2.09,164.8435,INSULATOR,54416.67
SAMP-0257,76.8,9.89,3.642,3.035,3.95,1228.4199,CONDUCTIVE_METAL,3.29
SAMP-0258,96.25,9.0,3.111,2.5925,3.68,1006.4365,CONDUCTIVE_METAL,3.86
SAMP-0259,61.21,0.08,3.261,2.7175,2.7,767.3572,INSULATOR,271750.0
SAMP-0260,24.53,9.2,4.604,3.8367,1.49,560.4166,CONDUCTIVE_METAL,2.61
SAMP-0261,98.81,3.27,3.446,2.8717,3.51,1043.4851,CONDUCTIVE_METAL,3.48
SAMP-0262,38.39,0.3,2.382,1.985,2.2,483.6825,INSULATOR,198500.0
SAMP-0263,71.66,0.5,2.016,1.68,2.24,429.7398,CONDUCTIVE_METAL,5.95
SAMP-0264,29.0,6.89,2.656,2.2133,1.17,281.1861,CONDUCTIVE_METAL,4.52
SAMP-0265,83.99,2.66,2.463,2.0525,4.07,919.6178,CONDUCTIVE_METAL,4.87
SAMP-0266,46.8,6.87,0.963,0.8025,2.88,305.5979,CONDUCTIVE_METAL,12.46
SAMP-0267,78.74,4.85,3.599,2.9992,4.46,1373.6782,CONDUCTIVE_METAL,3.33
SAMP-0268,32.27,6.99,1.003,0.8358,2.6,284.8049,CONDUCTIVE_METAL,11.96
SAMP-0269,48.43,7.78,0.53,0.4417,4.59,310.5352,CONDUCTIVE_METAL,22.64
SAMP-0270,84.5,3.42,1.862,1.5517,3.33,598.7976,CONDUCTIVE_METAL,6.44
SAMP-0271,62.27,5.12,1.276,1.0633,3.89,515.5451,CONDUCTIVE_METAL,9.4
SAMP-0272,40.16,2.2,2.934,2.445,2.7,703.9117,INSULATOR,244500.0
SAMP-0273,23.84,1.99,1.314,1.095,2.36,320.1995,INSULATOR,109500.0
SAMP-0274,75.35,9.57,2.112,1.76,4.59,914.6555,CONDUCTIVE_METAL,5.68
SAMP-0275,86.2,4.35,4.026,3.355,2.79,941.3346,CONDUCTIVE_METAL,2.98
SAMP-0276,68.33,4.77,4.261,3.5508,2.57,907.9326,CONDUCTIVE_METAL,2.82
SAMP-0277,43.21,0.32,3.269,2.7242,5.0,1423.8759,INSULATOR,272416.67
SAMP-0278,70.76,7.93,0.628,0.5233,3.91,299.5667,CONDUCTIVE_METAL,19.11
SAMP-0279,61.6,2.81,3.751,3.1258,2.42,770.8801,INSULATOR,312583.33
SAMP-0280,80.96,7.17,1.069,0.8908,2.63,302.8803,CONDUCTIVE_METAL,11.23
SAMP-0281,58.27,2.53,4.507,3.7558,4.69,1733.8964,INSULATOR,375583.33
SAMP-0282,35.54,9.08,1.424,1.1867,2.05,296.6756,CONDUCTIVE_METAL,8.43
SAMP-0283,42.18,9.57,4.72,3.9333,3.95,1515.8227,CONDUCTIVE_METAL,2.54
SAMP-0284,91.08,0.22,0.747,0.6225,4.65,405.799,CONDUCTIVE_METAL,16.06
SAMP-0285,67.12,9.93,2.23,1.8583,1.3,270.8154,CONDUCTIVE_METAL,5.38
SAMP-0286,70.0,0.76,0.646,0.5383,2.26,176.8261,CONDUCTIVE_METAL,18.58
SAMP-0287,42.28,1.55,4.767,3.9725,4.62,1787.1696,INSULATOR,397250.0
SAMP-0288,67.92,3.2,0.667,0.5558,4.8,384.6325,INSULATOR,55583.33
SAMP-0289,93.24,2.99,4.567,3.8058,4.03,1505.907,CONDUCTIVE_METAL,2.63
SAMP-0290,40.38,5.98,1.294,1.0783,1.78,238.561,CONDUCTIVE_METAL,9.27
SAMP-0291,67.11,5.67,1.471,1.2258,1.58,234.7149,CONDUCTIVE_METAL,8.16
SAMP-0292,98.19,3.56,4.137,3.4475,2.14,738.1376,CONDUCTIVE_METAL,2.9
SAMP-0293,47.32,9.73,4.794,3.995,2.75,1068.6494,CONDUCTIVE_METAL,2.5
SAMP-0294,55.6,0.12,2.442,2.035,4.77,1070.2625,INSULATOR,203500.0
SAMP-0295,66.89,7.23,0.728,0.6067,4.05,346.6083,CONDUCTIVE_METAL,16.48
SAMP-0296,97.88,1.78,2.37,1.975,3.02,661.228,CONDUCTIVE_METAL,5.06
SAMP-0297,44.62,6.47,4.627,3.8558,3.39,1280.1849,CONDUCTIVE_METAL,2.59
SAMP-0298,69.85,4.5,1.464,1.22,3.04,449.8709,CONDUCTIVE_METAL,8.2
SAMP-0299,71.6,6.75,1.514,1.2617,4.5,684.209,CONDUCTIVE_METAL,7.93
SAMP-0300,58.27,9.28,1.586,1.3217,2.04,322.0415,CONDUCTIVE_METAL,7.57
SAMP-0301,58.0,5.15,0.951,0.7925,1.83,192.2928,CONDUCTIVE_METAL,12.62
SAMP-0302,80.35,3.64,3.24,2.7,4.72,1334.4001,CONDUCTIVE_METAL,3.7
SAMP-0303,79.06,4.59,3.069,2.5575,3.87,1046.7143,CONDUCTIVE_METAL,3.91
SAMP-0304,22.75,3.33,3.52,2.9333,1.92,580.7645,INSULATOR,293333.33
SAMP-0305,79.61,1.11,3.171,2.6425,1.65,458.3495,CONDUCTIVE_METAL,3.78
SAMP-0306,66.56,7.58,1.43,1.1917,4.76,691.2007,CONDUCTIVE_METAL,8.39
SAMP-0307,96.52,8.58,2.207,1.8392,1.85,382.1404,CONDUCTIVE_METAL,5.44
SAMP-0308,58.75,2.95,3.36,2.8,1.83,532.9432,INSULATOR,280000.0
SAMP-0309,85.19,7.14,2.938,2.4483,3.68,960.4744,CONDUCTIVE_METAL,4.08
SAMP-0310,26.72,2.61,0.832,0.6933,1.57,148.7606,INSULATOR,69333.33
SAMP-0311,69.23,2.57,2.929,2.4408,3.1,807.069,CONDUCTIVE_METAL,4.1
SAMP-0312,57.69,8.86,3.881,3.2342,3.49,1142.9494,CONDUCTIVE_METAL,3.09
SAMP-0313,23.87,8.57,2.126,1.7717,4.64,929.6203,CONDUCTIVE_METAL,5.64
SAMP-0314,56.7,5.94,3.284,2.7367,3.34,954.7088,CONDUCTIVE_METAL,3.65
SAMP-0315,29.0,6.29,0.823,0.6858,2.94,276.2544,CONDUCTIVE_METAL,14.58
SAMP-0316,22.69,5.35,1.753,1.4608,4.18,715.6625,CONDUCTIVE_METAL,6.85
SAMP-0317,56.67,1.98,2.728,2.2733,4.37,1073.4676,INSULATOR,227333.33
SAMP-0318,91.37,1.19,2.175,1.8125,4.69,957.2873,CONDUCTIVE_METAL,5.52
SAMP-0319,31.5,6.23,4.681,3.9008,4.36,1661.9921,CONDUCTIVE_METAL,2.56
SAMP-0320,52.2,0.24,3.016,2.5133,3.12,831.9386,INSULATOR,251333.33
SAMP-0321,36.01,9.13,2.839,2.3658,3.34,847.6494,CONDUCTIVE_METAL,4.23
SAMP-0322,97.97,2.35,3.239,2.6992,3.94,1113.6042,CONDUCTIVE_METAL,3.7
SAMP-0323,91.1,9.86,2.978,2.4817,4.49,1184.9053,CONDUCTIVE_METAL,4.03
SAMP-0324,71.61,0.52,4.897,4.0808,4.38,1731.4909,CONDUCTIVE_METAL,2.45
SAMP-0325,63.26,2.29,3.431,2.8592,4.6,1362.6759,INSULATOR,285916.67
SAMP-0326,33.8,0.54,3.292,2.7433,3.41,976.6546,INSULATOR,274333.33
SAMP-0327,29.16,4.45,3.767,3.1392,2.87,917.3962,INSULATOR,313916.67
SAMP-0328,67.81,7.91,1.74,1.45,1.89,321.6385,CONDUCTIVE_METAL,6.9
SAMP-0329,93.11,9.71,3.789,3.1575,4.36,1400.2908,CONDUCTIVE_METAL,3.17
SAMP-0330,54.04,4.15,4.656,3.88,2.15,816.0242,INSULATOR,388000.0
SAMP-0331,45.08,1.41,4.252,3.5433,2.54,895.7982,INSULATOR,354333.33
SAMP-0332,99.6,1.0,2.087,1.7392,3.3,651.2341,CONDUCTIVE_METAL,5.75
SAMP-0333,60.48,5.71,2.773,2.3108,3.77,938.5534,CONDUCTIVE_METAL,4.33
SAMP-0334,69.05,7.02,3.916,3.2633,2.79,920.3942,CONDUCTIVE_METAL,3.06
SAMP-0335,67.43,3.7,4.901,4.0842,1.39,549.8531,INSULATOR,408416.67
SAMP-0336,72.37,7.0,2.409,2.0075,1.26,279.583,CONDUCTIVE_METAL,4.98
SAMP-0337,61.68,3.09,2.497,2.0808,4.28,977.971,INSULATOR,208083.33
SAMP-0338,60.39,9.85,4.708,3.9233,2.16,827.2041,CONDUCTIVE_METAL,2.55
SAMP-0339,99.98,1.19,4.212,3.51,4.85,1697.429,CONDUCTIVE_METAL,2.85
SAMP-0340,86.36,5.16,0.75,0.625,4.1,358.891,CONDUCTIVE_METAL,16.0
SAMP-0341,44.0,7.52,3.129,2.6075,1.81,497.3513,CONDUCTIVE_METAL,3.84
SAMP-0342,67.81,6.14,1.809,1.5075,2.67,468.9682,CONDUCTIVE_METAL,6.63
SAMP-0343,47.4,4.49,3.293,2.7442,3.3,945.3838,INSULATOR,274416.67
SAMP-0344,91.21,0.59,1.442,1.2017,4.06,593.5321,CONDUCTIVE_METAL,8.32
SAMP-0345,25.01,9.84,1.196,0.9967,1.59,200.1255,CONDUCTIVE_METAL,10.03
SAMP-0346,74.26,6.86,0.589,0.4908,1.22,89.1482,CONDUCTIVE_METAL,20.37
SAMP-0347,60.85,7.58,2.136,1.78,2.95,593.2992,CONDUCTIVE_METAL,5.62
SAMP-0348,60.58,3.8,1.008,0.84,3.8,417.8781,INSULATOR,84000.0
SAMP-0349,39.23,2.75,1.625,1.3542,4.39,706.7829,INSULATOR,135416.67
SAMP-0350,30.03,5.9,3.117,2.5975,1.3,356.0945,CONDUCTIVE_METAL,3.85
SAMP-0351,95.71,5.44,1.29,1.075,3.01,402.4119,CONDUCTIVE_METAL,9.3
SAMP-0352,41.51,2.1,2.338,1.9483,2.34,506.6796,INSULATOR,194833.33
SAMP-0353,66.34,1.42,1.903,1.5858,2.25,411.8322,INSULATOR,158583.33
SAMP-0354,59.93,7.56,1.357,1.1308,1.89,263.1336,CONDUCTIVE_METAL,8.84
SAMP-0355,94.5,2.11,3.22,2.6833,3.21,902.9304,CONDUCTIVE_METAL,3.73
SAMP-0356,74.78,2.19,1.21,1.0083,3.87,491.6281,CONDUCTIVE_METAL,9.92
SAMP-0357,93.03,1.77,2.445,2.0375,3.38,759.1449,CONDUCTIVE_METAL,4.91
SAMP-0358,34.47,4.64,2.668,2.2233,4.64,1119.2497,INSULATOR,222333.33
SAMP-0359,83.31,1.33,3.841,3.2008,3.18,1032.6944,CONDUCTIVE_METAL,3.12
SAMP-0360,62.32,2.05,4.742,3.9517,1.26,485.3463,INSULATOR,395166.67
SAMP-0361,59.79,3.89,2.298,1.915,4.17,890.2812,INSULATOR,191500.0
SAMP-0362,89.03,3.56,0.532,0.4433,4.73,320.8813,CONDUCTIVE_METAL,22.56
SAMP-0363,29.73,3.57,1.801,1.5008,2.28,399.0265,INSULATOR,150083.33
SAMP-0364,29.99,2.7,3.327,2.7725,2.07,598.0038,INSULATOR,277250.0
SAMP-0365,96.33,6.15,2.205,1.8375,1.69,348.8319,CONDUCTIVE_METAL,5.44
SAMP-0366,91.8,0.08,3.932,3.2767,1.75,579.2236,CONDUCTIVE_METAL,3.05
SAMP-0367,80.14,9.41,3.797,3.1642,2.48,797.8629,CONDUCTIVE_METAL,3.16
SAMP-0368,36.81,8.76,2.533,2.1108,2.11,487.8079,CONDUCTIVE_METAL,4.74
SAMP-0369,54.94,0.37,3.929,3.2742,1.24,410.1669,INSULATOR,327416.67
SAMP-0370,80.8,1.82,1.653,1.3775,4.58,747.6498,CONDUCTIVE_METAL,7.26
SAMP-0371,30.98,9.81,2.409,2.0075,1.57,348.3692,CONDUCTIVE_METAL,4.98
SAMP-0372,75.45,1.1,1.481,1.2342,4.27,637.7983,CONDUCTIVE_METAL,8.1
SAMP-0373,84.01,6.54,3.704,3.0867,1.03,324.7533,CONDUCTIVE_METAL,3.24
SAMP-0374,60.02,3.73,1.875,1.5625,2.91,526.2457,INSULATOR,156250.0
SAMP-0375,92.54,3.29,4.601,3.8342,3.9,1466.0899,CONDUCTIVE_METAL,2.61
SAMP-0376,48.01,7.55,3.114,2.595,2.41,659.6255,CONDUCTIVE_METAL,3.85
SAMP-0377,63.4,4.69,4.968,4.14,2.51,1003.8215,INSULATOR,414000.0
SAMP-0378,49.16,2.32,2.689,2.2408,1.33,322.883,INSULATOR,224083.33
SAMP-0379,51.31,0.77,3.53,2.9417,2.47,748.8581,INSULATOR,294166.67
SAMP-0380,67.49,4.58,3.836,3.1967,1.29,418.4798,INSULATOR,319666.67
SAMP-0381,88.94,3.29,4.677,3.8975,4.51,1717.9845,CONDUCTIVE_METAL,2.57
SAMP-0382,22.76,6.62,1.612,1.3433,2.4,383.8911,CONDUCTIVE_METAL,7.44
SAMP-0383,61.51,4.76,0.684,0.57,3.72,303.7625,INSULATOR,57000.0
SAMP-0384,46.4,7.1,1.706,1.4217,2.78,465.5791,CONDUCTIVE_METAL,7.03
SAMP-0385,41.48,3.27,4.161,3.4675,3.42,1185.187,INSULATOR,346750.0
SAMP-0386,99.85,0.77,3.946,3.2883,1.39,461.3992,CONDUCTIVE_METAL,3.04
SAMP-0387,25.93,8.31,3.189,2.6575,2.47,689.3134,CONDUCTIVE_METAL,3.76
SAMP-0388,25.46,8.23,3.457,2.8808,1.37,408.3456,CONDUCTIVE_METAL,3.47
SAMP-0389,30.42,0.9,2.07,1.725,1.51,296.0063,INSULATOR,172500.0
SAMP-0390,46.31,1.82,4.814,4.0117,3.27,1274.9954,INSULATOR,401166.67
SAMP-0391,24.37,4.97,4.914,4.095,4.14,1641.1917,INSULATOR,409500.0
SAMP-0392,60.15,1.94,2.025,1.6875,1.26,242.6086,INSULATOR,168750.0
SAMP-0393,91.93,5.46,4.502,3.7517,2.48,916.0353,CONDUCTIVE_METAL,2.67
SAMP-0394,66.1,6.37,0.889,0.7408,1.9,189.4656,CONDUCTIVE_METAL,13.5
SAMP-0395,42.36,4.06,0.947,0.7892,1.88,196.8991,INSULATOR,78916.67
SAMP-0396,99.94,2.85,2.835,2.3625,4.77,1209.1706,CONDUCTIVE_METAL,4.23
SAMP-0397,39.1,0.83,2.837,2.3642,2.37,601.1293,INSULATOR,236416.67
SAMP-0398,57.17,4.03,3.299,2.7492,2.29,657.0142,INSULATOR,274916.67
SAMP-0399,81.86,7.25,2.163,1.8025,4.43,900.1412,CONDUCTIVE_METAL,5.55
SAMP-0400,55.68,8.2,4.078,3.3983,1.63,555.7131,CONDUCTIVE_METAL,2.94
SAMP-0401,48.04,2.29,0.956,0.7967,3.4,358.7285,INSULATOR,79666.67
SAMP-0402,51.82,7.31,1.862,1.5517,4.89,879.3154,CONDUCTIVE_METAL,6.44
SAMP-0403,81.72,2.67,2.443,2.0358,1.16,260.3606,CONDUCTIVE_METAL,4.91
SAMP-0404,29.28,2.02,1.087,0.9058,4.12,480.7615,INSULATOR,90583.33
SAMP-0405,48.04,0.3,0.835,0.6958,1.17,111.1668,INSULATOR,69583.33
SAMP-0406,67.8,4.92,2.038,1.6983,3.94,762.6039,INSULATOR,169833.33
SAMP-0407,93.01,7.95,2.376,1.98,4.95,1086.0437,CONDUCTIVE_METAL,5.05
SAMP-0408,85.69,5.15,2.527,2.1058,1.63,376.1072,CONDUCTIVE_METAL,4.75
SAMP-0409,94.02,6.51,0.968,0.8067,4.64,494.3459,CONDUCTIVE_METAL,12.4
SAMP-0410,54.22,0.03,1.462,1.2183,4.06,600.153,INSULATOR,121833.33
SAMP-0411,59.14,1.93,4.883,4.0692,4.87,1920.7593,INSULATOR,406916.67
SAMP-0412,43.6,9.07,1.776,1.48,3.76,650.6084,CONDUCTIVE_METAL,6.76
SAMP-0413,20.14,6.89,2.183,1.8192,1.32,270.2376,CONDUCTIVE_METAL,5.5
SAMP-0414,88.23,7.95,4.558,3.7983,3.32,1238.6221,CONDUCTIVE_METAL,2.63
SAMP-0415,52.04,0.7,2.568,2.14,1.95,455.9058,INSULATOR,214000.0
SAMP-0416,74.88,7.92,4.538,3.7817,4.71,1750.9669,CONDUCTIVE_METAL,2.64
SAMP-0417,44.58,2.26,3.962,3.3017,4.6,1531.9591,INSULATOR,330166.67
SAMP-0418,47.52,9.31,3.071,2.5592,3.73,1009.3856,CONDUCTIVE_METAL,3.91
SAMP-0419,50.49,7.54,1.32,1.1,1.23,167.4934,CONDUCTIVE_METAL,9.09
SAMP-0420,45.14,4.16,2.97,2.475,1.37,360.7474,INSULATOR,247500.0
SAMP-0421,51.34,4.73,2.522,2.1017,1.8,414.6609,INSULATOR,210166.67
SAMP-0422,39.2,9.48,1.716,1.43,3.72,625.9674,CONDUCTIVE_METAL,6.99
SAMP-0423,37.01,6.75,4.791,3.9925,2.87,1114.7184,CONDUCTIVE_METAL,2.5
SAMP-0424,46.46,4.82,1.947,1.6225,4.9,913.7386,INSULATOR,162250.0
SAMP-0425,23.82,5.65,4.089,3.4075,4.45,1520.4503,CONDUCTIVE_METAL,2.93
SAMP-0426,65.61,8.73,3.947,3.2892,2.07,687.2611,CONDUCTIVE_METAL,3.04
SAMP-0427,21.06,7.56,3.143,2.6192,4.33,1194.1414,CONDUCTIVE_METAL,3.82
SAMP-0428,97.26,3.19,1.879,1.5658,4.93,893.0916,CONDUCTIVE_METAL,6.39
SAMP-0429,52.84,0.8,4.425,3.6875,1.29,469.8834,INSULATOR,368750.0
SAMP-0430,77.73,5.66,3.725,3.1042,1.58,500.462,CONDUCTIVE_METAL,3.22
SAMP-0431,75.5,3.6,0.514,0.4283,3.62,239.5442,CONDUCTIVE_METAL,23.35
SAMP-0432,23.07,8.62,0.868,0.7233,1.37,134.114,CONDUCTIVE_METAL,13.82
SAMP-0433,97.17,0.21,4.883,4.0692,3.8,1498.7444,CONDUCTIVE_METAL,2.46
SAMP-0434,50.99,4.19,4.465,3.7208,1.41,517.3461,INSULATOR,372083.33
SAMP-0435,24.24,1.17,3.315,2.7625,2.67,769.068,INSULATOR,276250.0
SAMP-0436,75.56,4.97,2.296,1.9133,2.2,469.3586,CONDUCTIVE_METAL,5.23
SAMP-0437,20.11,0.04,4.033,3.3608,2.25,760.212,INSULATOR,336083.33
SAMP-0438,89.42,5.68,0.758,0.6317,3.45,304.4367,CONDUCTIVE_METAL,15.83
SAMP-0439,30.7,8.27,3.955,3.2958,2.01,668.4388,CONDUCTIVE_METAL,3.03
SAMP-0440,71.95,9.43,2.623,2.1858,4.07,968.1926,CONDUCTIVE_METAL,4.57
SAMP-0441,86.12,7.31,4.362,3.635,1.82,655.2871,CONDUCTIVE_METAL,2.75
SAMP-0442,46.76,0.94,3.544,2.9533,3.4,1034.1461,INSULATOR,295333.33
SAMP-0443,79.87,4.06,3.31,2.7583,3.51,1009.7778,CONDUCTIVE_METAL,3.63
SAMP-0444,62.79,4.77,2.34,1.95,3.25,704.2137,INSULATOR,195000.0
SAMP-0445,32.42,7.59,3.199,2.6658,3.4,951.2806,CONDUCTIVE_METAL,3.75
SAMP-0446,27.3,1.69,2.438,2.0317,3.05,683.423,INSULATOR,203166.67
SAMP-0447,48.78,6.38,0.936,0.78,3.72,386.0817,CONDUCTIVE_METAL,12.82
SAMP-0448,36.62,3.61,3.332,2.7767,4.55,1316.064,INSULATOR,277666.67
SAMP-0449,46.65,6.05,2.227,1.8558,3.24,674.2132,CONDUCTIVE_METAL,5.39
SAMP-0450,52.46,7.45,1.654,1.3783,1.91,311.9457,CONDUCTIVE_METAL,7.26
SAMP-0451,44.62,3.96,0.702,0.585,1.27,105.748,INSULATOR,58500.0
SAMP-0452,65.7,4.5,2.955,2.4625,1.78,466.773,INSULATOR,246250.0
SAMP-0453,74.4,9.39,3.554,2.9617,1.79,545.6986,CONDUCTIVE_METAL,3.38
SAMP-0454,51.53,0.54,1.692,1.41,4.42,735.3044,INSULATOR,141000.0
SAMP-0455,25.17,4.4,0.931,0.7758,3.03,313.1625,INSULATOR,77583.33
SAMP-0456,60.66,6.15,3.186,2.655,3.64,1015.05,CONDUCTIVE_METAL,3.77
SAMP-0457,26.43,3.46,3.073,2.5608,1.53,414.2578,INSULATOR,256083.33
SAMP-0458,71.74,4.42,3.149,2.6242,1.3,359.0769,CONDUCTIVE_METAL,3.81
SAMP-0459,64.97,4.01,2.145,1.7875,1.45,292.6247,INSULATOR,178750.0
SAMP-0460,74.22,4.04,4.977,4.1475,4.31,1726.2081,CONDUCTIVE_METAL,2.41
SAMP-0461,60.74,0.04,4.105,3.4208,2.97,1017.9926,INSULATOR,342083.33
SAMP-0462,83.89,8.49,1.388,1.1567,4.46,632.3004,CONDUCTIVE_METAL,8.65
SAMP-0463,95.71,1.76,1.481,1.2342,3.89,581.0387,CONDUCTIVE_METAL,8.1
SAMP-0464,40.42,4.24,0.523,0.4358,2.02,135.3541,INSULATOR,43583.33
SAMP-0465,34.45,0.74,4.92,4.1,4.89,1940.416,INSULATOR,410000.0
SAMP-0466,27.63,9.98,4.449,3.7075,4.73,1730.4619,CONDUCTIVE_METAL,2.7
SAMP-0467,69.13,7.21,1.172,0.9767,1.31,162.2491,CONDUCTIVE_METAL,10.24
SAMP-0468,81.33,7.59,3.575,2.9792,1.64,502.3745,CONDUCTIVE_METAL,3.36
SAMP-0469,86.63,7.36,1.078,0.8983,4.19,485.7344,CONDUCTIVE_METAL,11.13
SAMP-0470,77.64,1.88,4.89,4.075,4.94,1950.6187,CONDUCTIVE_METAL,2.45
SAMP-0471,29.6,9.94,0.67,0.5583,3.37,270.952,CONDUCTIVE_METAL,17.91
SAMP-0472,38.94,2.17,0.909,0.7575,3.96,401.7511,INSULATOR,75750.0
SAMP-0473,64.67,3.81,0.886,0.7383,1.39,138.247,INSULATOR,73833.33
SAMP-0474,23.7,8.52,4.566,3.805,3.74,1397.2942,CONDUCTIVE_METAL,2.63
SAMP-0475,87.3,0.92,0.564,0.47,2.69,190.4132,CONDUCTIVE_METAL,21.28
SAMP-0476,90.34,6.37,0.728,0.6067,4.65,397.9577,CONDUCTIVE_METAL,16.48
SAMP-0477,99.87,2.7,4.24,3.5333,1.89,665.0338,CONDUCTIVE_METAL,2.83
SAMP-0478,45.39,0.01,4.56,3.8,3.86,1440.5954,INSULATOR,380000.0
SAMP-0479,90.65,6.11,2.596,2.1633,1.25,294.8508,CONDUCTIVE_METAL,4.62
SAMP-0480,79.65,7.33,3.912,3.26,1.8,593.3099,CONDUCTIVE_METAL,3.07
SAMP-0481,98.53,8.97,3.798,3.165,2.18,701.4975,CONDUCTIVE_METAL,3.16
SAMP-0482,60.16,1.79,4.263,3.5525,1.55,547.794,INSULATOR,355250.0
SAMP-0483,86.49,2.01,2.592,2.16,4.54,1069.5485,CONDUCTIVE_METAL,4.63
SAMP-0484,53.81,5.2,2.037,1.6975,1.88,363.7364,CONDUCTIVE_METAL,5.89
SAMP-0485,58.73,1.38,4.877,4.0642,3.01,1185.9874,INSULATOR,406416.67
SAMP-0486,85.21,2.02,4.348,3.6233,3.91,1404.128,CONDUCTIVE_METAL,2.76
SAMP-0487,51.01,0.33,3.599,2.9992,3.5,1077.9986,INSULATOR,299916.67
SAMP-0488,80.79,4.87,1.66,1.3833,1.46,239.1515,CONDUCTIVE_METAL,7.23
SAMP-0489,56.92,5.26,2.26,1.8833,1.51,318.0164,CONDUCTIVE_METAL,5.31
SAMP-0490,21.62,0.39,3.592,2.9933,1.15,353.6384,INSULATOR,299333.33
SAMP-0491,44.74,8.89,4.777,3.9808,4.06,1573.2004,CONDUCTIVE_METAL,2.51
SAMP-0492,80.07,6.99,4.281,3.5675,1.27,450.3724,CONDUCTIVE_METAL,2.8
SAMP-0493,88.61,4.94,2.4,2.0,2.03,449.0627,CONDUCTIVE_METAL,5.0
SAMP-0494,97.3,1.81,4.215,3.5125,4.65,1628.3713,CONDUCTIVE_METAL,2.85
SAMP-0495,35.72,2.32,2.484,2.07,3.74,850.9419,INSULATOR,207000.0
SAMP-0496,36.97,4.75,0.66,0.55,2.59,205.9116,INSULATOR,55000.0
SAMP-0497,83.94,2.13,3.029,2.5242,3.82,1022.1771,CONDUCTIVE_METAL,3.96
SAMP-0498,38.39,8.15,4.761,3.9675,4.69,1812.4053,CONDUCTIVE_METAL,2.52
SAMP-0499,39.1,9.7,2.417,2.0142,2.14,476.1363,CONDUCTIVE_METAL,4.96
SAMP-0500,89.74,5.32,2.744,2.2867,3.63,895.9647,CONDUCTIVE_METAL,4.37
SAMP-0501,66.09,1.17,3.657,3.0475,2.98,929.8632,INSULATOR,304750.0
SAMP-0502,75.95,5.85,2.058,1.715,2.93,571.6511,CONDUCTIVE_METAL,5.83
SAMP-0503,72.66,0.35,4.373,3.6442,3.18,1147.2889,CONDUCTIVE_METAL,2.74
SAMP-0504,70.6,4.16,4.353,3.6275,2.91,1045.9888,CONDUCTIVE_METAL,2.76
SAMP-0505,26.11,6.82,2.87,2.3917,4.83,1236.7235,CONDUCTIVE_METAL,4.18
SAMP-0506,72.79,2.98,0.768,0.64,4.81,428.6983,CONDUCTIVE_METAL,15.62
SAMP-0507,67.25,6.89,2.385,1.9875,2.71,596.4223,CONDUCTIVE_METAL,5.03
SAMP-0508,77.05,3.7,2.853,2.3775,1.82,463.754,CONDUCTIVE_METAL,4.21
SAMP-0509,89.55,7.86,4.637,3.8642,3.9,1475.3495,CONDUCTIVE_METAL,2.59
SAMP-0510,26.04,4.41,2.889,2.4075,2.99,769.7313,INSULATOR,240750.0
SAMP-0511,97.29,5.56,3.498,2.915,3.78,1137.5541,CONDUCTIVE_METAL,3.43
SAMP-0512,89.95,7.34,3.962,3.3017,4.39,1462.0218,CONDUCTIVE_METAL,3.03
SAMP-0513,89.33,4.27,3.345,2.7875,4.76,1381.1853,CONDUCTIVE_METAL,3.59
SAMP-0514,67.84,8.33,1.414,1.1783,3.5,503.6565,CONDUCTIVE_METAL,8.49
SAMP-0515,52.84,1.46,1.109,0.9242,1.01,119.7361,INSULATOR,92416.67
SAMP-0516,69.11,1.76,3.334,2.7783,2.82,816.0698,CONDUCTIVE_METAL,3.6
SAMP-0517,89.12,6.88,4.467,3.7225,2.08,763.4537,CONDUCTIVE_METAL,2.69
SAMP-0518,47.81,7.21,4.006,3.3383,3.6,1209.7247,CONDUCTIVE_METAL,3.0
SAMP-0519,99.93,4.63,1.843,1.5358,1.8,320.9838,CONDUCTIVE_METAL,6.51
SAMP-0520,70.45,1.28,0.543,0.4525,1.74,119.8073,CONDUCTIVE_METAL,22.1
SAMP-0521,58.72,1.18,2.741,2.2842,2.94,725.0086,INSULATOR,228416.67
SAMP-0522,48.82,1.06,3.272,2.7267,4.04,1151.3532,INSULATOR,272666.67
SAMP-0523,21.18,9.52,3.534,2.945,3.88,1177.4297,CONDUCTIVE_METAL,3.4
SAMP-0524,42.11,8.42,2.467,2.0558,1.47,332.588,CONDUCTIVE_METAL,4.86
SAMP-0525,52.61,0.1,2.556,2.13,3.76,875.719,INSULATOR,213000.0
SAMP-0526,30.89,7.36,3.801,3.1675,1.36,437.9125,CONDUCTIVE_METAL,3.16
SAMP-0527,22.09,8.27,4.966,4.1383,4.55,1819.0864,CONDUCTIVE_METAL,2.42
SAMP-0528,45.27,2.02,3.684,3.07,2.18,684.3203,INSULATOR,307000.0
SAMP-0529,78.07,1.21,1.327,1.1058,1.8,246.1527,CONDUCTIVE_METAL,9.04
SAMP-0530,57.01,9.89,4.06,3.3833,4.24,1440.3562,CONDUCTIVE_METAL,2.96
SAMP-0531,43.89,7.64,4.626,3.855,3.78,1427.2136,CONDUCTIVE_METAL,2.59
SAMP-0532,21.92,1.85,2.083,1.7358,1.48,291.6116,INSULATOR,173583.33
SAMP-0533,61.39,4.97,3.492,2.91,1.74,522.904,INSULATOR,291000.0
SAMP-0534,47.88,8.87,1.673,1.3942,2.63,433.5336,CONDUCTIVE_METAL,7.17
SAMP-0535,53.34,6.13,0.964,0.8033,1.84,195.4013,CONDUCTIVE_METAL,12.45
SAMP-0536,39.94,3.55,3.509,2.9242,4.52,1363.7343,INSULATOR,292416.67
SAMP-0537,43.51,9.28,0.912,0.76,1.59,161.722,CONDUCTIVE_METAL,13.16
SAMP-0538,27.02,0.2,3.844,3.2033,1.19,386.6939,INSULATOR,320333.33
SAMP-0539,90.47,8.47,4.375,3.6458,1.83,660.4767,CONDUCTIVE_METAL,2.74
SAMP-0540,91.67,1.67,1.42,1.1833,3.2,462.0567,CONDUCTIVE_METAL,8.45
SAMP-0541,62.08,9.09,4.923,4.1025,1.98,786.0759,CONDUCTIVE_METAL,2.44
SAMP-0542,77.67,5.42,1.532,1.2767,1.46,224.1163,CONDUCTIVE_METAL,7.83
SAMP-0543,98.89,4.66,1.011,0.8425,4.4,484.9871,CONDUCTIVE_METAL,11.87
SAMP-0544,58.37,9.76,1.592,1.3267,1.73,273.9394,CONDUCTIVE_METAL,7.54
SAMP-0545,91.22,1.62,1.564,1.3033,1.25,195.1127,CONDUCTIVE_METAL,7.67
SAMP-0546,99.27,0.17,0.565,0.4708,3.11,220.4283,CONDUCTIVE_METAL,21.24
SAMP-0547,72.38,7.34,1.759,1.4658,2.2,377.7115,CONDUCTIVE_METAL,6.82
SAMP-0548,73.69,3.92,4.469,3.7242,4.84,1777.1412,CONDUCTIVE_METAL,2.69
SAMP-0549,21.95,0.6,0.741,0.6175,1.73,150.0544,INSULATOR,61750.0
SAMP-0550,23.22,9.09,3.905,3.2542,2.32,763.5986,CONDUCTIVE_METAL,3.07
SAMP-0551,68.34,4.09,2.584,2.1533,2.29,538.1237,CONDUCTIVE_METAL,4.64
SAMP-0552,87.1,0.05,1.669,1.3908,1.45,238.5569,CONDUCTIVE_METAL,7.19
SAMP-0553,68.26,7.25,1.778,1.4817,2.31,400.0747,CONDUCTIVE_METAL,6.75
SAMP-0554,22.68,4.33,2.652,2.21,4.55,1092.1544,INSULATOR,221000.0
SAMP-0555,57.42,6.63,4.877,4.0642,3.83,1509.0804,CONDUCTIVE_METAL,2.46
SAMP-0556,29.58,3.62,2.187,1.8225,4.79,982.1026,INSULATOR,182250.0
SAMP-0557,56.35,2.6,1.644,1.37,3.05,495.691,INSULATOR,137000.0
SAMP-0558,96.94,5.36,2.939,2.4492,2.59,676.1741,CONDUCTIVE_METAL,4.08
SAMP-0559,64.03,0.04,2.735,2.2792,1.29,317.5465,INSULATOR,227916.67
SAMP-0560,36.27,0.51,4.877,4.0642,1.79,705.2882,INSULATOR,406416.67
SAMP-0561,28.14,6.82,2.695,2.2458,3.57,868.2672,CONDUCTIVE_METAL,4.45
SAMP-0562,71.06,0.71,1.422,1.185,4.76,688.0879,CONDUCTIVE_METAL,8.44
SAMP-0563,49.37,0.88,1.525,1.2708,3.2,489.4006,INSULATOR,127083.33
SAMP-0564,97.82,0.8,1.851,1.5425,3.44,615.6018,CONDUCTIVE_METAL,6.48
SAMP-0565,25.66,9.99,4.814,4.0117,1.3,506.8789,CONDUCTIVE_METAL,2.49
SAMP-0566,88.24,8.94,2.191,1.8258,2.83,581.107,CONDUCTIVE_METAL,5.48
SAMP-0567,32.65,4.89,4.44,3.7,1.18,430.9942,INSULATOR,370000.0
SAMP-0568,25.29,8.97,2.967,2.4725,2.68,705.1132,CONDUCTIVE_METAL,4.04
SAMP-0569,64.19,7.06,3.436,2.8633,2.88,854.167,CONDUCTIVE_METAL,3.49
SAMP-0570,97.61,2.21,1.051,0.8758,4.94,561.3538,CONDUCTIVE_METAL,11.42
SAMP-0571,63.05,0.69,1.27,1.0583,2.57,339.3245,INSULATOR,105833.33
SAMP-0572,60.55,5.16,1.382,1.1517,2.69,380.0404,CONDUCTIVE_METAL,8.68
SAMP-0573,39.32,5.29,4.304,3.5867,2.41,858.361,CONDUCTIVE_METAL,2.79
SAMP-0574,20.95,2.29,1.965,1.6375,3.51,659.4632,INSULATOR,163750.0
SAMP-0575,35.05,6.5,2.691,2.2425,3.13,760.3297,CONDUCTIVE_METAL,4.46
SAMP-0576,33.05,6.14,4.355,3.6292,2.51,902.5458,CONDUCTIVE_METAL,2.76
SAMP-0577,90.61,8.59,1.923,1.6025,2.54,468.8892,CONDUCTIVE_METAL,6.24
SAMP-0578,37.18,3.51,4.692,3.91,3.12,1191.5713,INSULATOR,391000.0
SAMP-0579,45.66,8.37,3.897,3.2475,3.19,1048.2,CONDUCTIVE_METAL,3.08
SAMP-0580,81.23,2.81,2.661,2.2175,1.64,394.7479,CONDUCTIVE_METAL,4.51
SAMP-0581,47.65,7.95,2.833,2.3608,1.25,316.6858,CONDUCTIVE_METAL,4.24
SAMP-0582,89.75,3.36,4.315,3.5958,1.57,560.3384,CONDUCTIVE_METAL,2.78
SAMP-0583,99.23,2.49,3.316,2.7633,3.77,1086.1797,CONDUCTIVE_METAL,3.62
SAMP-0584,24.15,3.57,1.031,0.8592,1.86,208.1924,INSULATOR,85916.67
SAMP-0585,20.96,1.11,1.439,1.1992,4.03,588.1595,INSULATOR,119916.67
SAMP-0586,39.31,3.41,4.412,3.6767,2.51,912.0952,INSULATOR,367666.67
SAMP-0587,99.31,1.56,4.437,3.6975,4.5,1642.7236,CONDUCTIVE_METAL,2.7
SAMP-0588,49.82,4.12,0.791,0.6592,1.47,133.9969,INSULATOR,65916.67
SAMP-0589,29.94,1.59,1.643,1.3692,3.38,549.0524,INSULATOR,136916.67
SAMP-0590,62.39,0.36,4.517,3.7642,3.35,1240.7188,INSULATOR,376416.67
SAMP-0591,54.42,1.24,2.1,1.75,3.32,658.5105,INSULATOR,175000.0
SAMP-0592,57.58,4.09,4.507,3.7558,2.03,750.4925,INSULATOR,375583.33
SAMP-0593,82.28,8.62,2.549,2.1242,3.61,838.8997,CONDUCTIVE_METAL,4.71
SAMP-0594,38.95,7.54,1.949,1.6242,3.46,645.7515,CONDUCTIVE_METAL,6.16
SAMP-0595,34.1,8.08,3.268,2.7233,4.19,1192.9102,CONDUCTIVE_METAL,3.67
SAMP-0596,27.23,6.98,1.951,1.6258,2.73,509.9352,CONDUCTIVE_METAL,6.15
SAMP-0597,48.27,6.12,3.843,3.2025,2.62,851.1964,CONDUCTIVE_METAL,3.12
SAMP-0598,55.19,4.95,1.195,0.9958,4.6,578.5946,INSULATOR,99583.33
SAMP-0599,78.18,5.26,1.045,0.8708,1.59,179.867,CONDUCTIVE_METAL,11.48
SAMP-0600,72.89,9.75,4.742,3.9517,1.3,500.7541,CONDUCTIVE_METAL,2.53
SAMP-0601,25.65,1.91,3.493,2.9108,3.09,928.8221,INSULATOR,291083.33
SAMP-0602,62.5,2.59,1.759,1.4658,4.99,856.7183,INSULATOR,146583.33
SAMP-0603,92.69,5.51,4.541,3.7842,3.19,1186.5327,CONDUCTIVE_METAL,2.64
SAMP-0604,99.05,6.91,4.435,3.6958,2.47,901.3439,CONDUCTIVE_METAL,2.71
SAMP-0605,88.12,7.93,4.203,3.5025,3.45,1205.3578,CONDUCTIVE_METAL,2.86
SAMP-0606,48.17,4.17,2.931,2.4425,3.17,825.7537,INSULATOR,244250.0
SAMP-0607,37.94,7.44,2.336,1.9467,4.37,945.5732,CONDUCTIVE_METAL,5.14
SAMP-0608,34.94,4.94,3.221,2.6842,2.93,824.379,INSULATOR,268416.67
SAMP-0609,31.76,5.0,2.018,1.6817,4.44,852.4949,INSULATOR,168166.67
SAMP-0610,67.73,1.39,1.266,1.055,2.48,326.6177,INSULATOR,105500.0
SAMP-0611,78.37,2.39,0.558,0.465,3.8,266.8925,CONDUCTIVE_METAL,21.51
SAMP-0612,74.21,6.86,4.908,4.09,1.83,724.7404,CONDUCTIVE_METAL,2.44
SAMP-0613,37.48,9.58,2.569,2.1408,3.65,853.634,CONDUCTIVE_METAL,4.67
SAMP-0614,52.32,8.85,3.043,2.5358,2.34,628.5137,CONDUCTIVE_METAL,3.94
SAMP-0615,92.16,7.34,2.815,2.3458,1.25,315.0399,CONDUCTIVE_METAL,4.26
SAMP-0616,42.21,9.88,2.174,1.8117,3.44,701.8831,CONDUCTIVE_METAL,5.52
SAMP-0617,69.52,4.45,0.723,0.6025,2.39,203.479,CONDUCTIVE_METAL,16.6
SAMP-0618,64.33,3.2,3.663,3.0525,4.93,1540.3847,INSULATOR,305250.0
SAMP-0619,79.72,0.54,3.76,3.1333,2.54,810.6843,CONDUCTIVE_METAL,3.19
SAMP-0620,75.22,2.96,2.547,2.1225,3.02,701.3439,CONDUCTIVE_METAL,4.71
SAMP-0621,99.1,6.76,1.064,0.8867,4.52,518.621,CONDUCTIVE_METAL,11.28
SAMP-0622,42.53,7.46,2.957,2.4642,4.42,1159.7065,CONDUCTIVE_METAL,4.06
SAMP-0623,83.97,2.6,1.284,1.07,4.93,656.6483,CONDUCTIVE_METAL,9.35
SAMP-0624,91.6,0.69,0.732,0.61,3.82,328.2822,CONDUCTIVE_METAL,16.39
SAMP-0625,43.27,4.51,1.063,0.8858,3.05,349.6954,INSULATOR,88583.33
SAMP-0626,53.71,9.95,2.802,2.335,4.24,1064.5787,CONDUCTIVE_METAL,4.28
SAMP-0627,77.13,6.93,2.096,1.7467,3.64,720.8585,CONDUCTIVE_METAL,5.73
SAMP-0628,81.01,3.54,1.483,1.2358,2.45,366.3482,CONDUCTIVE_METAL,8.09
SAMP-0629,81.46,8.08,4.762,3.9683,2.85,1101.5417,CONDUCTIVE_METAL,2.52
SAMP-0630,62.69,5.57,2.491,2.0758,2.83,645.3781,CONDUCTIVE_METAL,4.82
SAMP-0631,25.9,7.08,0.512,0.4267,4.67,308.158,CONDUCTIVE_METAL,23.44
SAMP-0632,51.87,8.18,4.059,3.3825,3.34,1134.3934,CONDUCTIVE_METAL,2.96
SAMP-0633,58.68,8.98,4.57,3.8083,1.18,441.1696,CONDUCTIVE_METAL,2.63
SAMP-0634,85.78,2.87,1.688,1.4067,4.59,762.1207,CONDUCTIVE_METAL,7.11
SAMP-0635,66.06,4.64,2.72,2.2667,3.75,918.9582,INSULATOR,226666.67
SAMP-0636,51.34,4.49,2.678,2.2317,1.46,353.2569,INSULATOR,223166.67
SAMP-0637,60.38,5.38,2.165,1.8042,1.21,246.0482,CONDUCTIVE_METAL,5.54
SAMP-0638,30.32,1.16,2.211,1.8425,2.19,453.0413,INSULATOR,184250.0
SAMP-0639,38.74,0.4,4.318,3.5983,2.31,824.9111,INSULATOR,359833.33
SAMP-0640,25.31,8.46,1.941,1.6175,4.66,866.8011,CONDUCTIVE_METAL,6.18
SAMP-0641,59.95,4.58,3.231,2.6925,3.11,877.2401,INSULATOR,269250.0
SAMP-0642,36.08,4.77,1.676,1.3967,3.45,569.5306,INSULATOR,139666.67
SAMP-0643,65.75,8.26,1.96,1.6333,2.04,382.4826,CONDUCTIVE_METAL,6.12
SAMP-0644,21.07,0.98,3.542,2.9517,3.45,1048.8717,INSULATOR,295166.67
SAMP-0645,97.48,3.78,2.285,1.9042,1.37,291.1373,CONDUCTIVE_METAL,5.25
SAMP-0646,88.76,0.11,1.944,1.62,1.41,262.6027,CONDUCTIVE_METAL,6.17
SAMP-0647,87.83,0.16,1.104,0.92,2.27,268.1508,CONDUCTIVE_METAL,10.87
SAMP-0648,56.4,5.57,2.815,2.3458,1.36,342.7634,CONDUCTIVE_METAL,4.26
SAMP-0649,92.25,9.69,2.515,2.0958,3.6,827.4388,CONDUCTIVE_METAL,4.77
SAMP-0650,96.66,1.17,1.32,1.1,2.59,352.6894,CONDUCTIVE_METAL,9.09
SAMP-0651,87.92,9.0,1.64,1.3667,3.07,497.9576,CONDUCTIVE_METAL,7.32
SAMP-0652,27.56,7.68,4.831,4.0258,2.67,1044.0149,CONDUCTIVE_METAL,2.48
SAMP-0653,49.22,2.84,0.91,0.7583,2.46,249.7856,INSULATOR,75833.33
SAMP-0654,99.73,0.67,3.71,3.0917,1.3,410.423,CONDUCTIVE_METAL,3.23
SAMP-0655,86.18,9.4,3.425,2.8542,1.09,322.4345,CONDUCTIVE_METAL,3.5
SAMP-0656,31.39,9.59,1.411,1.1758,3.71,532.9649,CONDUCTIVE_METAL,8.5
SAMP-0657,56.9,1.9,0.732,0.61,4.3,369.5323,INSULATOR,61000.0
SAMP-0658,70.33,8.87,2.353,1.9608,3.81,829.3029,CONDUCTIVE_METAL,5.1
SAMP-0659,76.33,1.24,3.48,2.9,1.97,590.3651,CONDUCTIVE_METAL,3.45
SAMP-0660,84.13,8.27,2.495,2.0792,4.2,959.0625,CONDUCTIVE_METAL,4.81
SAMP-0661,49.45,6.91,0.741,0.6175,2.15,186.4838,CONDUCTIVE_METAL,16.19
SAMP-0662,26.41,4.89,4.025,3.3542,3.57,1204.2605,INSULATOR,335416.67
SAMP-0663,85.11,3.6,1.988,1.6567,4.05,768.1727,CONDUCTIVE_METAL,6.04
SAMP-0664,50.28,3.78,1.65,1.375,4.82,785.6704,INSULATOR,137500.0
SAMP-0665,37.59,0.48,1.928,1.6067,1.88,347.7869,INSULATOR,160666.67
SAMP-0666,34.7,9.6,3.016,2.5133,4.26,1135.9162,CONDUCTIVE_METAL,3.98
SAMP-0667,49.61,3.51,4.904,4.0867,2.15,850.9117,INSULATOR,408666.67
SAMP-0668,31.26,7.71,1.705,1.4208,3.78,632.7524,CONDUCTIVE_METAL,7.04
SAMP-0669,86.89,0.92,3.822,3.185,4.06,1313.167,CONDUCTIVE_METAL,3.14
SAMP-0670,61.18,8.22,0.538,0.4483,3.72,254.4244,CONDUCTIVE_METAL,22.3
SAMP-0671,75.79,3.75,3.48,2.9,3.83,1147.7656,CONDUCTIVE_METAL,3.45
SAMP-0672,39.02,9.45,2.087,1.7392,2.01,396.6607,CONDUCTIVE_METAL,5.75
SAMP-0673,21.28,6.98,2.758,2.2983,3.57,884.8298,CONDUCTIVE_METAL,4.35
SAMP-0674,42.71,6.04,2.993,2.4942,4.75,1258.6758,CONDUCTIVE_METAL,4.01
SAMP-0675,78.64,4.34,1.177,0.9808,1.46,181.4395,CONDUCTIVE_METAL,10.2
SAMP-0676,72.21,0.7,2.562,2.135,1.15,268.3537,CONDUCTIVE_METAL,4.68
SAMP-0677,98.91,4.23,2.543,2.1192,2.36,547.366,CONDUCTIVE_METAL,4.72
SAMP-0678,66.32,5.15,1.575,1.3125,1.44,226.0472,CONDUCTIVE_METAL,7.62
SAMP-0679,60.56,6.41,4.568,3.8067,1.29,482.125,CONDUCTIVE_METAL,2.63
SAMP-0680,21.8,7.45,2.971,2.4758,3.03,798.077,CONDUCTIVE_METAL,4.04
SAMP-0681,27.49,8.32,3.858,3.215,4.85,1580.6852,CONDUCTIVE_METAL,3.11
SAMP-0682,31.84,0.03,3.124,2.6033,1.57,430.8411,INSULATOR,260333.33
SAMP-0683,39.71,7.98,0.641,0.5342,1.49,115.9078,CONDUCTIVE_METAL,18.72
SAMP-0684,38.1,9.61,3.17,2.6417,3.19,885.9143,CONDUCTIVE_METAL,3.79
SAMP-0685,83.32,5.64,4.977,4.1475,1.19,476.6097,CONDUCTIVE_METAL,2.41
SAMP-0686,20.08,0.19,3.043,2.5358,2.81,754.7536,INSULATOR,253583.33
SAMP-0687,78.31,7.73,3.361,2.8008,3.13,911.758,CONDUCTIVE_METAL,3.57
SAMP-0688,92.85,3.99,2.392,1.9933,4.36,961.8598,CONDUCTIVE_METAL,5.02
SAMP-0689,52.63,5.26,4.039,3.3658,2.43,822.0202,CONDUCTIVE_METAL,2.97
SAMP-0690,91.63,9.51,2.837,2.3642,4.05,1027.2464,CONDUCTIVE_METAL,4.23
SAMP-0691,33.31,9.11,2.304,1.92,1.62,346.6026,CONDUCTIVE_METAL,5.21
SAMP-0692,62.51,3.16,2.063,1.7192,4.12,805.4167,INSULATOR,171916.67
SAMP-0693,23.95,9.17,4.343,3.6192,2.51,900.5318,CONDUCTIVE_METAL,2.76
SAMP-0694,57.49,7.72,1.284,1.07,4.51,600.7067,CONDUCTIVE_METAL,9.35
SAMP-0695,68.55,3.61,4.954,4.1283,1.23,490.7957,CONDUCTIVE_METAL,2.42
SAMP-0696,23.83,9.62,4.026,3.355,4.63,1562.143,CONDUCTIVE_METAL,2.98
SAMP-0697,43.16,4.22,4.077,3.3975,2.98,1015.7641,INSULATOR,339750.0
SAMP-0698,95.5,6.62,3.932,3.2767,1.99,658.66,CONDUCTIVE_METAL,3.05
SAMP-0699,28.33,4.99,4.28,3.5667,2.37,840.2997,INSULATOR,356666.67
SAMP-0700,25.89,8.96,3.671,3.0592,2.54,795.0367,CONDUCTIVE_METAL,3.27
SAMP-0701,31.59,9.09,2.77,2.3083,1.68,417.8713,CONDUCTIVE_METAL,4.33
SAMP-0702,52.36,8.26,3.605,3.0042,2.08,641.5087,CONDUCTIVE_METAL,3.33
SAMP-0703,24.63,2.03,4.107,3.4225,3.51,1203.5576,INSULATOR,342250.0
SAMP-0704,60.87,2.5,1.559,1.2992,3.86,600.9503,INSULATOR,129916.67
SAMP-0705,50.1,4.64,2.98,2.4833,1.37,361.7397,INSULATOR,248333.33
SAMP-0706,22.13,0.92,2.441,2.0342,3.53,791.7739,INSULATOR,203416.67
SAMP-0707,46.8,8.55,1.08,0.9,2.51,291.4025,CONDUCTIVE_METAL,11.11
SAMP-0708,28.59,8.37,3.705,3.0875,2.89,911.4011,CONDUCTIVE_METAL,3.24
SAMP-0709,49.16,8.74,1.108,0.9233,2.9,343.5518,CONDUCTIVE_METAL,10.83
SAMP-0710,26.79,8.38,2.801,2.3342,1.03,258.5368,CONDUCTIVE_METAL,4.28
SAMP-0711,95.58,2.63,3.308,2.7567,2.62,753.3657,CONDUCTIVE_METAL,3.63
SAMP-0712,61.7,3.61,1.933,1.6108,4.89,906.527,INSULATOR,161083.33
SAMP-0713,40.83,4.54,1.647,1.3725,2.83,460.6163,INSULATOR,137250.0
SAMP-0714,67.52,7.64,1.056,0.88,1.99,226.9784,CONDUCTIVE_METAL,11.36
SAMP-0715,86.05,9.17,4.816,4.0133,2.3,897.0862,CONDUCTIVE_METAL,2.49
SAMP-0716,58.59,2.75,0.64,0.5333,2.62,203.5746,INSULATOR,53333.33
SAMP-0717,22.42,7.28,2.061,1.7175,4.11,802.8261,CONDUCTIVE_METAL,5.82
SAMP-0718,20.95,3.39,3.374,2.8117,3.94,1151.3272,INSULATOR,281166.67
SAMP-0719,54.37,1.86,4.436,3.6967,2.56,934.3568,INSULATOR,369666.67
SAMP-0720,60.19,7.72,1.805,1.5042,3.22,564.555,CONDUCTIVE_METAL,6.65
SAMP-0721,55.45,8.05,3.82,3.1833,4.87,1574.4834,CONDUCTIVE_METAL,3.14
SAMP-0722,33.52,1.73,3.754,3.1283,3.53,1125.1971,INSULATOR,312833.33
SAMP-0723,56.66,5.2,2.694,2.245,1.09,265.0207,CONDUCTIVE_METAL,4.45
SAMP-0724,67.7,0.41,4.068,3.39,2.24,762.1594,INSULATOR,339000.0
SAMP-0725,55.81,3.97,1.883,1.5692,2.61,473.6326,INSULATOR,156916.67
SAMP-0726,82.8,7.94,2.622,2.185,2.09,497.025,CONDUCTIVE_METAL,4.58
SAMP-0727,62.75,7.66,2.823,2.3525,2.94,742.6949,CONDUCTIVE_METAL,4.25
SAMP-0728,65.85,8.57,1.349,1.1242,1.04,144.1081,CONDUCTIVE_METAL,8.9
SAMP-0729,54.38,9.08,0.616,0.5133,1.11,83.8364,CONDUCTIVE_METAL,19.48
SAMP-0730,93.87,0.15,1.994,1.6617,3.08,585.6279,CONDUCTIVE_METAL,6.02
SAMP-0731,96.1,6.19,4.893,4.0775,2.11,833.5709,CONDUCTIVE_METAL,2.45
SAMP-0732,98.62,8.68,1.787,1.4892,3.56,619.101,CONDUCTIVE_METAL,6.72
SAMP-0733,81.05,9.72,3.816,3.18,1.55,500.6923,CONDUCTIVE_METAL,3.14
SAMP-0734,29.14,0.38,2.138,1.7817,1.83,368.328,INSULATOR,178166.67
SAMP-0735,57.03,5.04,1.798,1.4983,1.27,221.9637,CONDUCTIVE_METAL,6.67
SAMP-0736,42.44,2.2,1.312,1.0933,4.17,565.0868,INSULATOR,109333.33
SAMP-0737,67.07,3.19,1.178,0.9817,3.67,456.392,INSULATOR,98166.67
SAMP-0738,82.26,1.87,3.292,2.7433,4.9,1403.404,CONDUCTIVE_METAL,3.65
SAMP-0739,75.09,2.57,3.777,3.1475,4.93,1579.2771,CONDUCTIVE_METAL,3.18
SAMP-0740,72.97,3.13,4.151,3.4592,4.57,1580.6278,CONDUCTIVE_METAL,2.89
SAMP-0741,38.9,3.48,1.891,1.5758,4.79,872.2397,INSULATOR,157583.33
SAMP-0742,52.45,4.68,1.807,1.5058,3.41,598.4059,INSULATOR,150583.33
SAMP-0743,54.79,4.73,3.553,2.9608,3.16,963.1353,INSULATOR,296083.33
SAMP-0744,77.16,8.66,1.037,0.8642,3.96,445.2731,CONDUCTIVE_METAL,11.57
SAMP-0745,84.74,5.94,1.799,1.4992,1.94,339.216,CONDUCTIVE_METAL,6.67
SAMP-0746,60.42,6.55,4.455,3.7125,2.75,1007.18,CONDUCTIVE_METAL,2.69
SAMP-0747,23.42,8.22,1.789,1.4908,1.77,308.0915,CONDUCTIVE_METAL,6.71
SAMP-0748,20.74,7.66,2.109,1.7575,1.53,304.5315,CONDUCTIVE_METAL,5.69
SAMP-0749,41.03,4.02,4.476,3.73,4.72,1735.2751,INSULATOR,373000.0
SAMP-0750,38.13,1.1,4.441,3.7008,4.63,1691.4126,INSULATOR,370083.33
SAMP-0751,81.21,3.98,3.628,3.0233,2.85,883.5536,CONDUCTIVE_METAL,3.31
SAMP-0752,98.34,7.69,4.176,3.48,1.4,486.5819,CONDUCTIVE_METAL,2.87
SAMP-0753,43.45,3.31,4.3,3.5833,2.87,1021.428,INSULATOR,358333.33
SAMP-0754,69.98,7.26,1.885,1.5708,3.7,672.0138,CONDUCTIVE_METAL,6.37
SAMP-0755,24.53,6.16,1.451,1.2092,4.57,671.4445,CONDUCTIVE_METAL,8.27
SAMP-0756,91.63,6.48,2.959,2.4658,3.8,997.5838,CONDUCTIVE_METAL,4.06
SAMP-0757,88.88,5.52,4.632,3.86,1.68,634.9816,CONDUCTIVE_METAL,2.59
SAMP-0758,84.52,5.89,4.78,3.9833,1.38,535.0041,CONDUCTIVE_METAL,2.51
SAMP-0759,27.58,3.77,1.129,0.9408,4.76,572.3346,INSULATOR,94083.33
SAMP-0760,41.68,6.89,1.583,1.3192,2.53,398.7833,CONDUCTIVE_METAL,7.58
SAMP-0761,66.12,5.85,2.512,2.0933,4.17,957.5148,CONDUCTIVE_METAL,4.78
SAMP-0762,33.93,9.34,1.059,0.8825,1.25,142.893,CONDUCTIVE_METAL,11.33
SAMP-0763,32.61,8.64,1.714,1.4283,3.28,551.406,CONDUCTIVE_METAL,7.0
SAMP-0764,99.93,4.03,3.079,2.5658,2.02,547.8006,CONDUCTIVE_METAL,3.9
SAMP-0765,44.02,3.21,0.556,0.4633,3.71,259.8897,INSULATOR,46333.33
SAMP-0766,67.06,8.39,0.828,0.69,1.88,177.4756,CONDUCTIVE_METAL,14.49
SAMP-0767,38.19,1.02,0.973,0.8108,1.71,182.9178,INSULATOR,81083.33
SAMP-0768,49.27,3.02,4.666,3.8883,2.57,977.1249,INSULATOR,388833.33
SAMP-0769,20.96,5.59,1.117,0.9308,1.26,150.225,CONDUCTIVE_METAL,10.74
SAMP-0770,63.77,3.6,1.259,1.0492,4.71,617.5708,INSULATOR,104916.67
SAMP-0771,43.67,8.9,1.546,1.2883,4.35,672.669,CONDUCTIVE_METAL,7.76
SAMP-0772,93.57,9.62,0.696,0.58,2.47,204.3435,CONDUCTIVE_METAL,17.24
SAMP-0773,48.68,4.52,4.063,3.3858,1.47,499.6682,INSULATOR,338583.33
SAMP-0774,51.35,4.97,1.594,1.3283,2.92,462.8417,INSULATOR,132833.33
SAMP-0775,54.35,5.46,1.594,1.3283,1.22,193.3791,CONDUCTIVE_METAL,7.53
SAMP-0776,55.48,5.76,0.777,0.6475,4.44,399.2485,CONDUCTIVE_METAL,15.44
SAMP-0777,44.7,5.41,4.253,3.5442,1.5,529.1155,CONDUCTIVE_METAL,2.82
SAMP-0778,28.89,6.78,1.257,1.0475,1.53,200.3578,CONDUCTIVE_METAL,9.55
SAMP-0779,95.75,0.44,0.773,0.6442,4.88,437.0914,CONDUCTIVE_METAL,15.52
SAMP-0780,42.05,2.96,2.773,2.3108,1.63,405.7936,INSULATOR,231083.33
SAMP-0781,69.76,3.55,1.489,1.2408,4.75,712.5833,CONDUCTIVE_METAL,8.06
SAMP-0782,74.78,0.57,2.222,1.8517,1.71,355.1819,CONDUCTIVE_METAL,5.4
SAMP-0783,98.65,4.39,2.97,2.475,4.4,1158.6049,CONDUCTIVE_METAL,4.04
SAMP-0784,76.83,6.69,2.608,2.1733,4.04,956.5589,CONDUCTIVE_METAL,4.6
SAMP-0785,78.04,3.87,4.916,4.0967,4.17,1653.6265,CONDUCTIVE_METAL,2.44
SAMP-0786,37.37,0.73,3.399,2.8325,4.16,1222.9542,INSULATOR,283250.0
SAMP-0787,51.02,8.76,1.496,1.2467,3.12,469.8287,CONDUCTIVE_METAL,8.02
SAMP-0788,80.29,9.55,4.675,3.8958,2.21,841.5598,CONDUCTIVE_METAL,2.57
SAMP-0789,95.97,4.73,4.004,3.3367,1.33,446.7449,CONDUCTIVE_METAL,3.0
SAMP-0790,74.24,3.32,1.34,1.1167,4.2,578.8603,CONDUCTIVE_METAL,8.96
SAMP-0791,54.07,2.14,3.973,3.3108,4.53,1512.0473,INSULATOR,331083.33
SAMP-0792,69.61,4.37,4.143,3.4525,3.0,1035.9893,CONDUCTIVE_METAL,2.9
SAMP-0793,50.9,6.27,1.369,1.1408,4.41,618.3309,CONDUCTIVE_METAL,8.77
SAMP-0794,93.51,2.71,1.952,1.6267,2.31,431.6639,CONDUCTIVE_METAL,6.15
SAMP-0795,27.26,3.66,1.715,1.4292,4.32,726.586,INSULATOR,142916.67
SAMP-0796,87.94,0.54,3.163,2.6358,4.75,1316.7726,CONDUCTIVE_METAL,3.79
SAMP-0797,51.85,8.83,2.033,1.6942,3.53,681.8788,CONDUCTIVE_METAL,5.9
SAMP-0798,96.93,3.48,4.675,3.8958,3.08,1172.8526,CONDUCTIVE_METAL,2.57
SAMP-0799,77.46,8.73,4.853,4.0442,1.28,502.3385,CONDUCTIVE_METAL,2.47
SAMP-0800,64.57,9.54,1.065,0.8875,2.57,295.0979,CONDUCTIVE_METAL,11.27
SAMP-0801,98.26,3.65,2.827,2.3558,1.1,278.2009,CONDUCTIVE_METAL,4.24
SAMP-0802,98.76,1.85,2.746,2.2883,2.13,526.0447,CONDUCTIVE_METAL,4.37
SAMP-0803,84.01,9.36,1.397,1.1642,4.09,582.8637,CONDUCTIVE_METAL,8.59
SAMP-0804,88.15,6.63,4.414,3.6783,1.18,428.9511,CONDUCTIVE_METAL,2.72
SAMP-0805,55.93,9.16,1.343,1.1192,1.97,272.0002,CONDUCTIVE_METAL,8.94
SAMP-0806,68.59,4.87,3.044,2.5367,3.64,977.9504,CONDUCTIVE_METAL,3.94
SAMP-0807,25.22,8.53,2.553,2.1275,1.08,251.2948,CONDUCTIVE_METAL,4.7
SAMP-0808,26.05,9.44,4.468,3.7233,3.55,1303.2458,CONDUCTIVE_METAL,2.69
SAMP-0809,30.98,2.23,4.078,3.3983,3.93,1339.8481,INSULATOR,339833.33
SAMP-0810,78.99,3.6,3.803,3.1692,2.44,786.0027,CONDUCTIVE_METAL,3.16
SAMP-0811,74.43,7.05,1.162,0.9683,1.73,212.8158,CONDUCTIVE_METAL,10.33
SAMP-0812,56.56,2.23,4.732,3.9433,1.93,742.1618,INSULATOR,394333.33
SAMP-0813,37.0,8.27,4.733,3.9442,1.85,711.52,CONDUCTIVE_METAL,2.54
SAMP-0814,56.37,7.85,1.369,1.1408,2.73,382.7762,CONDUCTIVE_METAL,8.77
SAMP-0815,33.94,7.27,1.492,1.2433,1.01,151.7639,CONDUCTIVE_METAL,8.04
SAMP-0816,76.9,0.49,4.956,4.13,4.05,1616.56,CONDUCTIVE_METAL,2.42
SAMP-0817,37.3,2.16,1.461,1.2175,3.36,496.4046,INSULATOR,121750.0
SAMP-0818,90.85,6.76,2.57,2.1417,2.07,484.2698,CONDUCTIVE_METAL,4.67
SAMP-0819,64.49,9.77,4.67,3.8917,2.54,966.3873,CONDUCTIVE_METAL,2.57
SAMP-0820,42.4,4.19,0.842,0.7017,1.33,127.1828,INSULATOR,70166.67
SAMP-0821,88.69,7.08,4.577,3.8142,2.34,875.9445,CONDUCTIVE_METAL,2.62
SAMP-0822,91.37,9.7,3.361,2.8008,1.14,332.078,CONDUCTIVE_METAL,3.57
SAMP-0823,42.88,6.44,1.572,1.31,2.48,388.7038,CONDUCTIVE_METAL,7.63
SAMP-0824,50.43,7.27,4.0,3.3333,4.2,1409.629,CONDUCTIVE_METAL,3.0
SAMP-0825,81.41,1.6,3.95,3.2917,1.67,554.7993,CONDUCTIVE_METAL,3.04
SAMP-0826,96.23,9.11,2.834,2.3617,1.4,354.7905,CONDUCTIVE_METAL,4.23
SAMP-0827,76.81,7.28,4.864,4.0533,1.3,511.1196,CONDUCTIVE_METAL,2.47
SAMP-0828,26.38,3.49,3.007,2.5058,4.62,1228.9048,INSULATOR,250583.33
SAMP-0829,39.7,3.52,2.35,1.9583,1.88,408.7832,INSULATOR,195833.33
SAMP-0830,80.67,2.31,1.995,1.6625,2.35,447.0092,CONDUCTIVE_METAL,6.02
SAMP-0831,88.09,5.85,2.984,2.4867,1.27,335.7031,CONDUCTIVE_METAL,4.02
SAMP-0832,57.58,7.75,4.025,3.3542,2.33,785.9739,CONDUCTIVE_METAL,2.98
SAMP-0833,57.15,8.2,2.386,1.9883,3.06,673.6819,CONDUCTIVE_METAL,5.03
SAMP-0834,53.69,7.93,2.985,2.4875,1.64,433.625,CONDUCTIVE_METAL,4.02
SAMP-0835,34.27,8.09,2.569,2.1408,2.31,540.2451,CONDUCTIVE_METAL,4.67
SAMP-0836,29.5,6.44,4.837,4.0308,4.91,1921.8151,CONDUCTIVE_METAL,2.48
SAMP-0837,89.35,2.74,3.582,2.985,1.5,460.2215,CONDUCTIVE_METAL,3.35
SAMP-0838,71.9,6.01,4.578,3.815,4.92,1842.0547,CONDUCTIVE_METAL,2.62
SAMP-0839,93.13,1.13,0.528,0.44,4.85,327.2283,CONDUCTIVE_METAL,22.73
SAMP-0840,24.15,0.33,4.354,3.6283,4.01,1441.6478,INSULATOR,362833.33
SAMP-0841,21.35,6.68,1.856,1.5467,1.93,346.1403,CONDUCTIVE_METAL,6.47
SAMP-0842,55.95,8.37,3.041,2.5342,3.38,907.3656,CONDUCTIVE_METAL,3.95
SAMP-0843,45.04,9.44,4.309,3.5908,4.79,1707.642,CONDUCTIVE_METAL,2.78
SAMP-0844,65.17,8.43,2.351,1.9592,3.72,809.1503,CONDUCTIVE_METAL,5.1
SAMP-0845,94.22,7.87,2.868,2.39,3.24,829.1307,CONDUCTIVE_METAL,4.18
SAMP-0846,31.95,4.14,1.374,1.145,1.78,250.3071,INSULATOR,114500.0
SAMP-0847,37.15,5.64,4.038,3.365,2.77,936.8471,CONDUCTIVE_METAL,2.97
SAMP-0848,50.87,6.7,1.231,1.0258,2.69,346.4405,CONDUCTIVE_METAL,9.75
SAMP-0849,53.38,7.02,1.482,1.235,4.23,632.1675,CONDUCTIVE_METAL,8.1
SAMP-0850,68.68,3.3,2.311,1.9258,3.64,780.7197,CONDUCTIVE_METAL,5.19
SAMP-0851,51.32,0.15,1.731,1.4425,4.3,728.695,INSULATOR,144250.0
SAMP-0852,78.83,8.98,3.323,2.7692,2.12,611.8476,CONDUCTIVE_METAL,3.61
SAMP-0853,99.86,7.93,4.92,4.1,2.44,968.224,CONDUCTIVE_METAL,2.44
SAMP-0854,80.77,4.78,3.603,3.0025,4.39,1353.3418,CONDUCTIVE_METAL,3.33
SAMP-0855,91.52,4.67,4.126,3.4383,2.59,891.4264,CONDUCTIVE_METAL,2.91
SAMP-0856,30.93,0.47,2.421,2.0175,1.02,227.2505,INSULATOR,201750.0
SAMP-0857,55.41,3.09,4.276,3.5633,1.47,520.8039,INSULATOR,356333.33
SAMP-0858,37.35,6.15,0.923,0.7692,3.49,358.2942,CONDUCTIVE_METAL,13.0
SAMP-0859,97.08,6.88,3.685,3.0708,3.32,1042.406,CONDUCTIVE_METAL,3.26
SAMP-0860,54.79,1.23,4.298,3.5817,4.86,1729.014,INSULATOR,358166.67
SAMP-0861,46.9,6.97,3.123,2.6025,2.82,773.6652,CONDUCTIVE_METAL,3.84
SAMP-0862,45.35,6.69,0.861,0.7175,3.43,333.6835,CONDUCTIVE_METAL,13.94
SAMP-0863,38.31,1.4,4.139,3.4492,4.76,1642.4824,INSULATOR,344916.67
SAMP-0864,86.6,7.74,4.165,3.4708,3.8,1317.9008,CONDUCTIVE_METAL,2.88
SAMP-0865,38.94,3.08,1.128,0.94,3.41,409.7253,INSULATOR,94000.0
SAMP-0866,56.06,0.31,1.281,1.0675,3.38,449.3562,INSULATOR,106750.0
SAMP-0867,68.1,0.69,4.415,3.6792,2.21,803.5217,CONDUCTIVE_METAL,2.72
SAMP-0868,70.46,9.6,1.126,0.9383,1.63,195.5763,CONDUCTIVE_METAL,10.66
SAMP-0869,80.59,4.97,4.22,3.5167,4.99,1749.1149,CONDUCTIVE_METAL,2.84
SAMP-0870,86.29,8.18,3.925,3.2708,1.63,538.7251,CONDUCTIVE_METAL,3.06
SAMP-0871,95.82,8.14,1.523,1.2692,3.94,601.9363,CONDUCTIVE_METAL,7.88
SAMP-0872,45.23,4.63,4.055,3.3792,1.16,393.6658,INSULATOR,337916.67
SAMP-0873,90.79,3.94,0.902,0.7517,2.66,268.2506,CONDUCTIVE_METAL,13.3
SAMP-0874,66.48,9.21,3.282,2.735,3.29,939.9494,CONDUCTIVE_METAL,3.66
SAMP-0875,43.58,3.06,0.563,0.4692,2.48,175.3207,INSULATOR,46916.67
SAMP-0876,80.42,9.58,3.494,2.9117,1.35,405.8907,CONDUCTIVE_METAL,3.43
SAMP-0877,26.76,3.65,1.05,0.875,1.06,120.3623,INSULATOR,87500.0
SAMP-0878,88.08,3.56,2.757,2.2975,3.36,832.5341,CONDUCTIVE_METAL,4.35
SAMP-0879,83.86,3.57,0.99,0.825,3.25,352.3893,CONDUCTIVE_METAL,12.12
SAMP-0880,51.29,8.68,3.119,2.5992,4.17,1142.8401,CONDUCTIVE_METAL,3.85
SAMP-0881,28.79,6.77,4.544,3.7867,4.49,1670.9645,CONDUCTIVE_METAL,2.64
SAMP-0882,59.18,5.14,3.053,2.5442,4.49,1209.2307,CONDUCTIVE_METAL,3.93
SAMP-0883,84.98,0.8,0.646,0.5383,3.36,262.8918,CONDUCTIVE_METAL,18.58
SAMP-0884,74.97,4.93,1.686,1.405,2.44,404.7466,CONDUCTIVE_METAL,7.12
SAMP-0885,47.02,4.87,3.537,2.9475,1.19,361.3686,INSULATOR,294750.0
SAMP-0886,33.85,2.66,3.13,2.6083,2.75,755.8414,INSULATOR,260833.33
SAMP-0887,47.57,1.15,4.975,4.1458,4.33,1733.6571,INSULATOR,414583.33
SAMP-0888,57.25,5.47,0.699,0.5825,3.2,265.5943,CONDUCTIVE_METAL,17.17
SAMP-0889,75.71,1.53,2.092,1.7433,2.35,464.6643,CONDUCTIVE_METAL,5.74
SAMP-0890,99.1,5.24,4.109,3.4242,2.84,974.2034,CONDUCTIVE_METAL,2.92
SAMP-0891,42.13,7.25,4.216,3.5133,1.62,567.4126,CONDUCTIVE_METAL,2.85
SAMP-0892,92.82,4.81,2.327,1.9392,2.71,584.5377,CONDUCTIVE_METAL,5.16
SAMP-0893,85.69,9.61,3.079,2.5658,2.4,650.8522,CONDUCTIVE_METAL,3.9
SAMP-0894,87.52,3.82,2.182,1.8183,1.85,378.6004,CONDUCTIVE_METAL,5.5
SAMP-0895,88.0,9.22,2.538,2.115,4.91,1136.9681,CONDUCTIVE_METAL,4.73
SAMP-0896,89.61,5.77,4.897,4.0808,1.8,711.5716,CONDUCTIVE_METAL,2.45
SAMP-0897,42.13,7.86,2.692,2.2433,4.72,1146.916,CONDUCTIVE_METAL,4.46
SAMP-0898,92.28,4.85,4.563,3.8025,3.93,1467.5,CONDUCTIVE_METAL,2.63
SAMP-0899,48.28,3.77,2.95,2.4583,2.36,618.0117,INSULATOR,245833.33
SAMP-0900,75.81,2.42,2.978,2.4817,1.67,440.7109,CONDUCTIVE_METAL,4.03
SAMP-0901,85.09,3.87,3.696,3.08,4.7,1479.279,CONDUCTIVE_METAL,3.25
SAMP-0902,22.06,9.86,3.499,2.9158,4.09,1231.1323,CONDUCTIVE_METAL,3.43
SAMP-0903,41.55,5.91,1.959,1.6325,1.68,314.8547,CONDUCTIVE_METAL,6.13
SAMP-0904,40.32,7.82,1.41,1.175,3.19,458.0024,CONDUCTIVE_METAL,8.51
SAMP-0905,79.03,5.18,2.938,2.4483,2.66,694.2559,CONDUCTIVE_METAL,4.08
SAMP-0906,74.65,3.1,3.717,3.0975,1.66,524.883,CONDUCTIVE_METAL,3.23
SAMP-0907,20.09,6.76,1.132,0.9433,1.78,214.4743,CONDUCTIVE_METAL,10.6
SAMP-0908,77.69,8.38,1.869,1.5575,4.38,790.017,CONDUCTIVE_METAL,6.42
SAMP-0909,83.28,8.18,4.825,4.0208,2.82,1101.563,CONDUCTIVE_METAL,2.49
SAMP-0910,36.86,4.74,3.753,3.1275,1.21,385.6072,INSULATOR,312750.0
SAMP-0911,23.8,7.52,0.661,0.5508,2.59,206.1445,CONDUCTIVE_METAL,18.15
SAMP-0912,80.1,5.37,3.844,3.2033,4.31,1400.5467,CONDUCTIVE_METAL,3.12
SAMP-0913,43.48,5.08,1.164,0.97,2.1,258.684,CONDUCTIVE_METAL,10.31
SAMP-0914,56.61,2.88,4.096,3.4133,3.89,1330.9584,INSULATOR,341333.33
SAMP-0915,32.46,9.44,2.755,2.2958,3.55,879.0901,CONDUCTIVE_METAL,4.36
SAMP-0916,61.49,8.29,2.096,1.7467,2.45,485.1932,CONDUCTIVE_METAL,5.73
SAMP-0917,41.91,7.27,2.275,1.8958,2.13,451.0245,CONDUCTIVE_METAL,5.27
SAMP-0918,96.45,4.06,2.563,2.1358,2.18,508.8676,CONDUCTIVE_METAL,4.68
SAMP-0919,61.04,8.71,2.5,2.0833,1.95,446.0087,CONDUCTIVE_METAL,4.8
SAMP-0920,98.36,0.46,1.444,1.2033,1.55,226.8478,CONDUCTIVE_METAL,8.31
SAMP-0921,67.25,4.77,0.984,0.82,3.97,428.4156,INSULATOR,82000.0
SAMP-0922,42.46,4.88,2.907,2.4225,1.72,445.0423,INSULATOR,242250.0
SAMP-0923,29.15,9.66,1.061,0.8842,1.89,216.3754,CONDUCTIVE_METAL,11.31
SAMP-0924,33.56,5.63,2.723,2.2692,4.11,1008.0865,CONDUCTIVE_METAL,4.41
SAMP-0925,22.32,2.09,4.491,3.7425,3.13,1153.8404,INSULATOR,374250.0
SAMP-0926,33.22,7.31,2.639,2.1992,3.87,925.2057,CONDUCTIVE_METAL,4.55
SAMP-0927,36.02,3.97,3.087,2.5725,4.08,1108.7964,INSULATOR,257250.0
SAMP-0928,60.72,7.01,2.966,2.4717,1.29,339.308,CONDUCTIVE_METAL,4.05
SAMP-0929,77.7,0.38,0.833,0.6942,1.31,124.2397,CONDUCTIVE_METAL,14.41
SAMP-0930,59.64,7.86,1.844,1.5367,2.83,504.8807,CONDUCTIVE_METAL,6.51
SAMP-0931,67.62,1.65,4.845,4.0375,2.5,979.8256,INSULATOR,403750.0
SAMP-0932,43.27,2.09,3.445,2.8708,4.6,1367.2068,INSULATOR,287083.33
SAMP-0933,58.77,6.04,0.56,0.4667,4.05,285.195,CONDUCTIVE_METAL,21.43
SAMP-0934,67.07,4.02,1.76,1.4667,2.62,450.0278,INSULATOR,146666.67
SAMP-0935,37.51,6.66,1.983,1.6525,2.33,441.0299,CONDUCTIVE_METAL,6.05
SAMP-0936,44.48,3.53,3.6,3.0,2.83,871.8361,INSULATOR,300000.0
SAMP-0937,21.38,8.71,1.953,1.6275,3.89,727.218,CONDUCTIVE_METAL,6.14
SAMP-0938,47.42,0.11,0.881,0.7342,3.18,314.8963,INSULATOR,73416.67
SAMP-0939,25.17,8.61,1.32,1.1,2.97,404.4353,CONDUCTIVE_METAL,9.09
SAMP-0940,48.76,8.79,0.695,0.5792,1.82,150.4062,CONDUCTIVE_METAL,17.27
SAMP-0941,62.65,1.54,4.517,3.7642,2.86,1059.2405,INSULATOR,376416.67
SAMP-0942,54.77,1.18,2.006,1.6717,1.72,328.6432,INSULATOR,167166.67
SAMP-0943,59.53,7.68,4.191,3.4925,1.79,623.9407,CONDUCTIVE_METAL,2.86
SAMP-0944,33.62,7.65,3.78,3.15,1.93,618.6559,CONDUCTIVE_METAL,3.17
SAMP-0945,68.07,3.14,4.988,4.1567,2.28,914.7931,CONDUCTIVE_METAL,2.41
SAMP-0946,76.37,0.95,3.986,3.3217,3.29,1101.0705,CONDUCTIVE_METAL,3.01
SAMP-0947,93.2,6.7,0.583,0.4858,2.1,152.3016,CONDUCTIVE_METAL,20.58
SAMP-0948,36.48,9.81,1.716,1.43,2.63,442.5522,CONDUCTIVE_METAL,6.99
SAMP-0949,50.98,7.09,2.399,1.9992,4.18,924.356,CONDUCTIVE_METAL,5.0
SAMP-0950,24.29,1.62,4.224,3.52,2.31,810.3325,INSULATOR,352000.0
SAMP-0951,80.94,6.55,0.535,0.4458,4.22,287.4526,CONDUCTIVE_METAL,22.43
SAMP-0952,69.02,1.76,4.625,3.8542,4.18,1577.9659,CONDUCTIVE_METAL,2.59
SAMP-0953,39.71,9.78,4.895,4.0792,1.37,541.4068,CONDUCTIVE_METAL,2.45
SAMP-0954,32.14,1.4,3.027,2.5225,4.65,1243.6019,INSULATOR,252250.0
SAMP-0955,83.56,8.66,2.133,1.7775,1.46,293.296,CONDUCTIVE_METAL,5.63
SAMP-0956,32.85,7.37,1.815,1.5125,1.53,269.4593,CONDUCTIVE_METAL,6.61
SAMP-0957,42.79,7.89,2.213,1.8442,1.01,209.0913,CONDUCTIVE_METAL,5.42
SAMP-0958,39.09,9.81,1.187,0.9892,3.43,429.133,CONDUCTIVE_METAL,10.11
SAMP-0959,61.99,6.47,0.728,0.6067,1.62,138.6433,CONDUCTIVE_METAL,16.48
SAMP-0960,98.55,8.03,2.236,1.8633,2.17,453.047,CONDUCTIVE_METAL,5.37
SAMP-0961,46.73,5.84,0.6,0.5,2.03,150.3713,CONDUCTIVE_METAL,20.0
SAMP-0962,27.38,9.57,4.683,3.9025,3.05,1163.0331,CONDUCTIVE_METAL,2.56
SAMP-0963,43.89,8.19,4.411,3.6758,1.35,490.4792,CONDUCTIVE_METAL,2.72
SAMP-0964,74.74,0.58,4.846,4.0383,2.19,858.4701,CONDUCTIVE_METAL,2.48
SAMP-0965,61.84,2.23,3.32,2.7667,1.21,348.9577,INSULATOR,276666.67
SAMP-0966,73.8,0.68,3.337,2.7808,2.56,741.373,CONDUCTIVE_METAL,3.6
SAMP-0967,39.57,1.51,1.681,1.4008,3.97,656.9581,INSULATOR,140083.33
SAMP-0968,68.34,0.36,1.566,1.305,1.42,221.8771,CONDUCTIVE_METAL,7.66
SAMP-0969,36.21,6.34,3.087,2.5725,1.06,288.0696,CONDUCTIVE_METAL,3.89
SAMP-0970,48.7,0.46,4.047,3.3725,2.87,972.4238,INSULATOR,337250.0
SAMP-0971,53.62,7.02,3.585,2.9875,3.56,1093.0039,CONDUCTIVE_METAL,3.35
SAMP-0972,69.48,6.73,3.665,3.0542,2.7,843.9933,CONDUCTIVE_METAL,3.27
SAMP-0973,76.49,6.85,2.592,2.16,1.69,398.1359,CONDUCTIVE_METAL,4.63
SAMP-0974,21.02,6.99,0.757,0.6308,1.44,126.9419,CONDUCTIVE_METAL,15.85
SAMP-0975,26.14,6.11,1.687,1.4058,3.03,502.8575,CONDUCTIVE_METAL,7.11
SAMP-0976,48.95,6.38,4.518,3.765,1.11,411.1774,CONDUCTIVE_METAL,2.66
SAMP-0977,59.12,4.34,4.287,3.5725,1.56,553.8413,INSULATOR,357250.0
SAMP-0978,73.53,3.08,0.617,0.5142,3.53,266.935,CONDUCTIVE_METAL,19.45
SAMP-0979,42.69,2.11,2.578,2.1483,2.74,642.6456,INSULATOR,214833.33
SAMP-0980,85.93,9.96,1.532,1.2767,2.76,423.672,CONDUCTIVE_METAL,7.83
SAMP-0981,29.13,1.84,3.76,3.1333,2.28,727.7008,INSULATOR,313333.33
SAMP-0982,54.46,8.31,2.1,1.75,4.83,958.0137,CONDUCTIVE_METAL,5.71
SAMP-0983,96.55,3.54,4.771,3.9758,2.38,921.2863,CONDUCTIVE_METAL,2.52
SAMP-0984,65.4,0.21,2.937,2.4475,1.9,495.7591,INSULATOR,244750.0
SAMP-0985,93.26,1.5,3.833,3.1942,1.29,418.2138,CONDUCTIVE_METAL,3.13
SAMP-0986,58.27,0.68,4.006,3.3383,4.29,1441.5886,INSULATOR,333833.33
SAMP-0987,73.77,1.3,2.106,1.755,3.0,596.4271,CONDUCTIVE_METAL,5.7
SAMP-0988,94.26,3.68,1.4,1.1667,1.71,244.1116,CONDUCTIVE_METAL,8.57
SAMP-0989,27.37,5.73,1.531,1.2758,2.25,345.2027,CONDUCTIVE_METAL,7.84
SAMP-0990,36.63,0.11,2.313,1.9275,3.47,744.784,INSULATOR,192750.0
SAMP-0991,21.14,1.18,2.97,2.475,1.7,447.6428,INSULATOR,247500.0
SAMP-0992,90.85,6.6,3.634,3.0283,2.57,797.8209,CONDUCTIVE_METAL,3.3
SAMP-0993,83.13,4.03,3.921,3.2675,2.75,908.1395,CONDUCTIVE_METAL,3.06
SAMP-0994,81.42,7.2,3.137,2.6142,1.77,487.3753,CONDUCTIVE_METAL,3.83
SAMP-0995,97.9,0.72,1.102,0.9183,1.02,120.3182,CONDUCTIVE_METAL,10.89
SAMP-0996,70.07,8.59,1.063,0.8858,1.5,171.9813,CONDUCTIVE_METAL,11.29
SAMP-0997,51.61,8.19,3.871,3.2258,1.85,604.5925,CONDUCTIVE_METAL,3.1
SAMP-0998,80.79,8.73,3.333,2.7775,1.21,350.0719,CONDUCTIVE_METAL,3.6
SAMP-0999,34.7,9.33,4.756,3.9633,3.83,1478.8123,CONDUCTIVE_METAL,2.52
